{"stats":{"minecraft:custom":{"minecraft:interact_with_furnace":14,"minecraft:mob_kills":5,"minecraft:interact_with_crafting_table":20,"minecraft:leave_game":11,"minecraft:time_since_death":58148,"minecraft:time_since_rest":58637,"minecraft:sprint_one_cm":77216,"minecraft:damage_taken":527,"minecraft:walk_one_cm":88906,"minecraft:drop":12,"minecraft:damage_dealt":500,"minecraft:swim_one_cm":41746,"minecraft:fly_one_cm":40523,"minecraft:open_chest":3,"minecraft:crouch_one_cm":1568,"minecraft:play_time":78025,"minecraft:deaths":1,"minecraft:sneak_time":1364,"minecraft:walk_under_water_one_cm":29981,"minecraft:jump":590,"minecraft:walk_on_water_one_cm":28654,"minecraft:total_world_time":78025,"minecraft:fall_one_cm":12186},"minecraft:killed":{"minecraft:cod":3,"minecraft:cow":2},"minecraft:crafted":{"minecraft:wooden_sword":1,"minecraft:oak_planks":64,"minecraft:stone_shovel":1,"minecraft:crafting_table":5,"minecraft:dried_kelp":57,"minecraft:wooden_pickaxe":2,"minecraft:furnace":4,"minecraft:birch_planks":28,"minecraft:stone_axe":5,"minecraft:stick":44,"minecraft:stone_pickaxe":3,"minecraft:stone_sword":1,"minecraft:torch":12},"minecraft:used":{"minecraft:stone_sword":1,"minecraft:stone_pickaxe":213,"minecraft:dried_kelp":39,"minecraft:wooden_pickaxe":28,"minecraft:torch":8,"minecraft:dirt":4,"minecraft:crafting_table":9,"minecraft:birch_sapling":4,"minecraft:stone_axe":12,"minecraft:wooden_sword":21,"minecraft:cobblestone":1,"minecraft:oak_sapling":1,"minecraft:furnace":4},"minecraft:dropped":{"minecraft:stone_axe":4,"minecraft:stone_sword":1,"minecraft:stone_shovel":2,"minecraft:stick":13,"minecraft:dried_kelp":13,"minecraft:wooden_sword":1,"minecraft:stone_pickaxe":1,"minecraft:wooden_pickaxe":1},"minecraft:killed_by":{"minecraft:player":1},"minecraft:mined":{"minecraft:kelp_plant":12,"minecraft:crafting_table":5,"minecraft:short_grass":3,"minecraft:grass_block":6,"minecraft:copper_ore":9,"minecraft:kelp":3,"minecraft:tall_seagrass":2,"minecraft:furnace":4,"minecraft:birch_log":18,"minecraft:birch_leaves":3,"minecraft:coal_ore":93,"minecraft:oak_log":17,"minecraft:dirt":6,"minecraft:stone":128,"minecraft:oak_leaves":9},"minecraft:picked_up":{"minecraft:birch_log":17,"minecraft:crafting_table":7,"minecraft:cooked_beef":4,"minecraft:leather":1,"minecraft:oak_log":16,"minecraft:dirt":16,"minecraft:raw_copper":34,"minecraft:kelp":83,"minecraft:wheat_seeds":1,"minecraft:beef":4,"minecraft:birch_sapling":8,"minecraft:furnace":4,"minecraft:stick":13,"minecraft:dried_kelp":16,"minecraft:stone_sword":1,"minecraft:rotten_flesh":3,"minecraft:stone_shovel":1,"minecraft:stone_axe":1,"minecraft:bone_meal":1,"minecraft:oak_sapling":1,"minecraft:coal":119,"minecraft:cod":1,"minecraft:cobblestone":154}},"DataVersion":3953}