{"stats":{"minecraft:custom":{"minecraft:jump":34,"minecraft:time_since_rest":2355,"minecraft:damage_dealt":240,"minecraft:leave_game":1,"minecraft:sprint_one_cm":2678,"minecraft:play_time":2355,"minecraft:time_since_death":2355,"minecraft:walk_one_cm":4858,"minecraft:total_world_time":2355,"minecraft:mob_kills":3,"minecraft:fall_one_cm":267,"minecraft:fly_one_cm":1568},"minecraft:killed":{"minecraft:sheep":3},"minecraft:picked_up":{"minecraft:mutton":5,"minecraft:wheat_seeds":1,"minecraft:white_wool":3},"minecraft:mined":{"minecraft:short_grass":5}},"DataVersion":3953}