{"stats":{"minecraft:custom":{"minecraft:time_since_rest":8940,"minecraft:sprint_one_cm":11935,"minecraft:play_time":8940,"minecraft:damage_taken":143,"minecraft:walk_one_cm":16760,"minecraft:mob_kills":4,"minecraft:jump":137,"minecraft:damage_dealt":375,"minecraft:leave_game":2,"minecraft:time_since_death":8940,"minecraft:total_world_time":8940,"minecraft:interact_with_crafting_table":5,"minecraft:fall_one_cm":1794,"minecraft:fly_one_cm":9344},"minecraft:crafted":{"minecraft:oak_button":1,"minecraft:oak_planks":12,"minecraft:crafting_table":1,"minecraft:stick":4,"minecraft:stone_pickaxe":1,"minecraft:wooden_pickaxe":1},"minecraft:killed":{"minecraft:sheep":4},"minecraft:used":{"minecraft:mutton":1,"minecraft:crafting_table":1,"minecraft:stone_pickaxe":19,"minecraft:wooden_pickaxe":8},"minecraft:mined":{"minecraft:short_grass":10,"minecraft:coal_ore":11,"minecraft:oak_log":6,"minecraft:iron_ore":4,"minecraft:birch_log":6,"minecraft:tall_grass":1,"minecraft:stone":12,"minecraft:birch_leaves":3,"minecraft:oak_leaves":2},"minecraft:picked_up":{"minecraft:birch_log":6,"minecraft:stick":2,"minecraft:raw_iron":4,"minecraft:wheat_seeds":1,"minecraft:oak_log":6,"minecraft:coal":11,"minecraft:mutton":6,"minecraft:birch_sapling":2,"minecraft:white_wool":4,"minecraft:cobblestone":11}},"DataVersion":3953}