{"stats":{"minecraft:killed_by":{"minecraft:zombie":1},"minecraft:dropped":{"minecraft:wheat_seeds":1,"minecraft:leather":1,"minecraft:waxed_oxidized_copper":1,"minecraft:wooden_sword":1,"minecraft:furnace":1,"minecraft:tuff_bricks":8,"minecraft:tuff":3,"minecraft:rotten_flesh":1,"minecraft:cooked_mutton":1,"minecraft:waxed_copper_block":1,"minecraft:poppy":2},"minecraft:mined":{"minecraft:waxed_cut_copper_slab":1,"minecraft:tuff":3,"minecraft:sculk_vein":2,"minecraft:grass_block":1,"minecraft:decorated_pot":1,"minecraft:chiseled_tuff_bricks":12,"minecraft:tuff_bricks":26,"minecraft:furnace":5,"minecraft:waxed_copper_grate":1,"minecraft:iron_ore":9,"minecraft:deepslate_iron_ore":5,"minecraft:oak_stairs":27,"minecraft:iron_bars":1,"minecraft:stone":59,"minecraft:green_bed":8,"minecraft:glass_pane":1,"minecraft:powder_snow":5,"minecraft:crafting_table":2,"minecraft:oak_fence":1,"minecraft:short_grass":29,"minecraft:poppy":1,"minecraft:chest":1,"minecraft:cobblestone":15,"minecraft:tall_grass":1,"minecraft:bamboo_wall_sign":1,"minecraft:pink_petals":5,"minecraft:purple_bed":1,"minecraft:birch_planks":1,"minecraft:birch_log":6,"minecraft:birch_leaves":3,"minecraft:waxed_copper_block":5,"minecraft:yellow_bed":1,"minecraft:coal_ore":74,"minecraft:oak_log":6,"minecraft:waxed_oxidized_copper":1,"minecraft:gravel":2,"minecraft:oak_leaves":17},"minecraft:custom":{"minecraft:mob_kills":39,"minecraft:interact_with_crafting_table":23,"minecraft:open_barrel":11,"minecraft:leave_game":38,"minecraft:time_since_death":23143,"minecraft:climb_one_cm":2953,"minecraft:sprint_one_cm":227851,"minecraft:walk_one_cm":313399,"minecraft:damage_blocked_by_shield":265,"minecraft:drop":12,"minecraft:play_time":153169,"minecraft:deaths":1,"minecraft:sneak_time":10180,"minecraft:walk_under_water_one_cm":15694,"minecraft:jump":1658,"minecraft:walk_on_water_one_cm":15067,"minecraft:total_world_time":153169,"minecraft:interact_with_furnace":56,"minecraft:sleep_in_bed":16,"minecraft:time_since_rest":1,"minecraft:damage_taken":1034,"minecraft:damage_dealt":3355,"minecraft:swim_one_cm":43488,"minecraft:player_kills":1,"minecraft:fly_one_cm":154148,"minecraft:open_chest":16,"minecraft:crouch_one_cm":18256,"minecraft:fall_one_cm":31186},"minecraft:crafted":{"minecraft:oak_planks":20,"minecraft:cooked_chicken":6,"minecraft:furnace":2,"minecraft:bamboo_sign":3,"minecraft:cooked_mutton":9,"minecraft:stone_pickaxe":1,"minecraft:chest":2,"minecraft:oak_button":1,"minecraft:cooked_beef":7,"minecraft:cooked_porkchop":6,"minecraft:crafting_table":1,"minecraft:wooden_pickaxe":1,"minecraft:iron_helmet":1,"minecraft:iron_sword":2,"minecraft:cooked_salmon":8,"minecraft:stone_axe":2,"minecraft:golden_apple":1,"minecraft:shield":2,"minecraft:stick":12,"minecraft:iron_ingot":36,"minecraft:iron_pickaxe":1,"minecraft:gold_ingot":9,"minecraft:iron_leggings":2,"minecraft:torch":24},"minecraft:picked_up":{"minecraft:lingering_potion":1,"minecraft:crafting_table":4,"minecraft:iron_chestplate":3,"minecraft:chicken":10,"minecraft:oak_stairs":49,"minecraft:gold_block":1,"minecraft:shield":2,"minecraft:cornflower":6,"minecraft:string":3,"minecraft:waxed_cut_copper_slab":1,"minecraft:raw_copper":9,"minecraft:cooked_salmon":5,"minecraft:wooden_sword":1,"minecraft:iron_leggings":2,"minecraft:cartography_table":1,"minecraft:beef":14,"minecraft:trial_key":6,"minecraft:poppy":4,"minecraft:iron_pickaxe":1,"minecraft:chest":1,"minecraft:birch_sapling":2,"minecraft:furnace":6,"minecraft:waxed_oxidized_copper":1,"minecraft:iron_boots":3,"minecraft:egg":1,"minecraft:stick":12,"minecraft:raw_iron":25,"minecraft:oak_fence":1,"minecraft:torch":2,"minecraft:green_bed":8,"minecraft:porkchop":7,"minecraft:dried_kelp":13,"minecraft:waxed_copper_grate":1,"minecraft:carrot":8,"minecraft:rotten_flesh":9,"minecraft:diamond_chestplate":2,"minecraft:bamboo_sign":1,"minecraft:beetroot_seeds":1,"minecraft:decorated_pot":1,"minecraft:hay_block":6,"minecraft:gold_ingot":1,"minecraft:tuff_bricks":26,"minecraft:mutton":12,"minecraft:iron_bars":1,"minecraft:white_wool":9,"minecraft:cobblestone":133,"minecraft:birch_log":20,"minecraft:feather":8,"minecraft:salmon":9,"minecraft:leather":2,"minecraft:potato":6,"minecraft:birch_planks":63,"minecraft:flint":9,"minecraft:tuff":3,"minecraft:oak_log":7,"minecraft:waxed_copper_block":5,"minecraft:yellow_bed":2,"minecraft:cobblestone_stairs":1,"minecraft:gunpowder":1,"minecraft:map":1,"minecraft:lapis_lazuli":30,"minecraft:dirt":20,"minecraft:paper":8,"minecraft:bone":5,"minecraft:bow":2,"minecraft:wheat_seeds":19,"minecraft:iron_ingot":18,"minecraft:stone_pickaxe":1,"minecraft:glass_bottle":1,"minecraft:oak_planks":4,"minecraft:iron_sword":3,"minecraft:scaffolding":13,"minecraft:cooked_porkchop":6,"minecraft:bamboo_planks":9,"minecraft:dandelion":3,"minecraft:gravel":1,"minecraft:white_bed":1,"minecraft:mossy_cobblestone":2,"minecraft:purple_bed":1,"minecraft:stone_axe":2,"minecraft:iron_helmet":1,"minecraft:golden_apple":1,"minecraft:bread":5,"minecraft:coal":140,"minecraft:chiseled_tuff_bricks":12},"minecraft:broken":{"minecraft:wooden_pickaxe":1,"minecraft:stone_pickaxe":1},"minecraft:killed":{"minecraft:skeleton":1,"minecraft:chicken":6,"minecraft:pig":4,"minecraft:salmon":11,"minecraft:sheep":5,"minecraft:zombie":5,"minecraft:cow":5},"minecraft:used":{"minecraft:iron_bars":1,"minecraft:bamboo_sign":4,"minecraft:poppy":1,"minecraft:decorated_pot":1,"minecraft:chest":3,"minecraft:shield":11,"minecraft:iron_sword":139,"minecraft:cooked_salmon":3,"minecraft:cooked_chicken":2,"minecraft:rotten_flesh":4,"minecraft:iron_chestplate":1,"minecraft:torch":24,"minecraft:mutton":1,"minecraft:carrot":2,"minecraft:oak_stairs":2,"minecraft:iron_helmet":1,"minecraft:iron_boots":1,"minecraft:diamond_chestplate":1,"minecraft:furnace":6,"minecraft:egg":1,"minecraft:iron_leggings":1,"minecraft:cooked_mutton":8,"minecraft:stone_pickaxe":131,"minecraft:wooden_pickaxe":59,"minecraft:green_bed":8,"minecraft:salmon":1,"minecraft:crafting_table":3,"minecraft:cornflower":6,"minecraft:iron_pickaxe":33,"minecraft:stone_axe":30,"minecraft:cobblestone":94,"minecraft:purple_bed":1,"minecraft:yellow_bed":2}},"DataVersion":3953}