{"stats":{"minecraft:custom":{"minecraft:time_since_rest":546,"minecraft:interact_with_furnace":5,"minecraft:sprint_one_cm":15600,"minecraft:damage_taken":193,"minecraft:walk_one_cm":32325,"minecraft:mob_kills":4,"minecraft:damage_dealt":383,"minecraft:interact_with_crafting_table":8,"minecraft:fly_one_cm":11102,"minecraft:open_barrel":1,"minecraft:crouch_one_cm":3534,"minecraft:play_time":20339,"minecraft:sneak_time":1554,"minecraft:jump":193,"minecraft:leave_game":4,"minecraft:time_since_death":20339,"minecraft:sleep_in_bed":1,"minecraft:total_world_time":20339,"minecraft:fall_one_cm":2272},"minecraft:killed":{"minecraft:sheep":4},"minecraft:crafted":{"minecraft:oak_planks":16,"minecraft:shield":1,"minecraft:crafting_table":1,"minecraft:stick":4,"minecraft:wooden_pickaxe":1,"minecraft:iron_ingot":4,"minecraft:stone_pickaxe":1,"minecraft:furnace":1,"minecraft:oak_button":1,"minecraft:torch":8,"minecraft:cooked_mutton":5},"minecraft:used":{"minecraft:cooked_mutton":2,"minecraft:stone_pickaxe":60,"minecraft:wooden_pickaxe":13,"minecraft:torch":4,"minecraft:mutton":1,"minecraft:crafting_table":1,"minecraft:furnace":1},"minecraft:mined":{"minecraft:furnace":1,"minecraft:birch_log":6,"minecraft:iron_ore":5,"minecraft:sculk_vein":1,"minecraft:birch_leaves":3,"minecraft:crafting_table":1,"minecraft:short_grass":10,"minecraft:oak_log":6,"minecraft:coal_ore":19,"minecraft:tall_grass":1,"minecraft:chiseled_tuff_bricks":9,"minecraft:stone":23,"minecraft:tuff_bricks":13,"minecraft:waxed_cut_copper_slab":1,"minecraft:oak_leaves":2},"minecraft:picked_up":{"minecraft:birch_log":6,"minecraft:lingering_potion":1,"minecraft:crafting_table":1,"minecraft:stick":2,"minecraft:iron_chestplate":1,"minecraft:raw_iron":15,"minecraft:gold_block":1,"minecraft:flint":4,"minecraft:oak_log":6,"minecraft:lapis_lazuli":15,"minecraft:waxed_cut_copper_slab":1,"minecraft:bow":1,"minecraft:wheat_seeds":1,"minecraft:tuff_bricks":13,"minecraft:glass_bottle":1,"minecraft:chiseled_tuff_bricks":9,"minecraft:birch_sapling":2,"minecraft:mutton":6,"minecraft:coal":22,"minecraft:white_wool":4,"minecraft:cobblestone":22,"minecraft:furnace":1}},"DataVersion":3953}