{"stats":{"minecraft:killed":{"minecraft:pig":6,"minecraft:spider":2,"minecraft:skeleton":2,"minecraft:zombie":9,"minecraft:chicken":3},"minecraft:picked_up":{"minecraft:crafting_table":3,"minecraft:feather":4,"minecraft:chicken":3,"minecraft:oak_log":34,"minecraft:dirt":27,"minecraft:string":27,"minecraft:bone":1,"minecraft:cobbled_deepslate":26,"minecraft:oak_planks":7,"minecraft:furnace":1,"minecraft:stick":5,"minecraft:raw_iron":42,"minecraft:oak_fence":4,"minecraft:torch":8,"minecraft:porkchop":14,"minecraft:diorite":4,"minecraft:spider_eye":1,"minecraft:arrow":4,"minecraft:rotten_flesh":7,"minecraft:granite":10,"minecraft:oak_sapling":4,"minecraft:coal":55,"minecraft:rail":4,"minecraft:cobblestone":105},"minecraft:killed_by":{"minecraft:zombie":1},"minecraft:mined":{"minecraft:sculk_vein":11,"minecraft:glow_lichen":1,"minecraft:crafting_table":3,"minecraft:torch":1,"minecraft:granite":10,"minecraft:short_grass":1,"minecraft:grass_block":3,"minecraft:sculk_sensor":1,"minecraft:cobblestone":2,"minecraft:sculk":17,"minecraft:diorite":4,"minecraft:wall_torch":1,"minecraft:spawner":1,"minecraft:furnace":1,"minecraft:iron_ore":30,"minecraft:cobbled_deepslate":2,"minecraft:andesite":1,"minecraft:coal_ore":60,"minecraft:oak_log":35,"minecraft:deepslate_iron_ore":12,"minecraft:dirt":5,"minecraft:cobweb":26,"minecraft:stone":89,"minecraft:oak_leaves":20,"minecraft:deepslate":21},"minecraft:broken":{"minecraft:stone_pickaxe":1,"minecraft:stone_sword":1,"minecraft:wooden_pickaxe":1},"minecraft:custom":{"minecraft:interact_with_furnace":33,"minecraft:mob_kills":25,"minecraft:interact_with_crafting_table":24,"minecraft:leave_game":9,"minecraft:time_since_death":6496,"minecraft:time_since_rest":6615,"minecraft:sprint_one_cm":73469,"minecraft:damage_taken":1749,"minecraft:walk_one_cm":219259,"minecraft:damage_blocked_by_shield":1155,"minecraft:damage_dealt":4015,"minecraft:swim_one_cm":6513,"minecraft:fly_one_cm":27650,"minecraft:open_chest":1,"minecraft:crouch_one_cm":16719,"minecraft:play_time":83879,"minecraft:deaths":1,"minecraft:sneak_time":7094,"minecraft:walk_under_water_one_cm":14078,"minecraft:jump":741,"minecraft:walk_on_water_one_cm":11043,"minecraft:total_world_time":83879,"minecraft:fall_one_cm":10138},"minecraft:used":{"minecraft:stone_sword":107,"minecraft:stone_pickaxe":189,"minecraft:wooden_pickaxe":60,"minecraft:shield":42,"minecraft:iron_sword":26,"minecraft:cooked_chicken":3,"minecraft:torch":143,"minecraft:dirt":10,"minecraft:crafting_table":6,"minecraft:wooden_axe":1,"minecraft:iron_pickaxe":40,"minecraft:stone_axe":49,"minecraft:cobblestone":48,"minecraft:furnace":3,"minecraft:oak_sapling":2,"minecraft:cooked_porkchop":13,"minecraft:cobbled_deepslate":20},"minecraft:crafted":{"minecraft:oak_planks":88,"minecraft:cooked_porkchop":14,"minecraft:crafting_table":4,"minecraft:wooden_pickaxe":1,"minecraft:iron_helmet":1,"minecraft:cooked_chicken":3,"minecraft:iron_sword":1,"minecraft:furnace":2,"minecraft:stone_axe":1,"minecraft:iron_boots":1,"minecraft:iron_chestplate":1,"minecraft:shield":1,"minecraft:stick":100,"minecraft:iron_ingot":32,"minecraft:iron_pickaxe":1,"minecraft:stone_pickaxe":3,"minecraft:wooden_axe":1,"minecraft:stone_sword":1,"minecraft:iron_leggings":1,"minecraft:torch":148}},"DataVersion":3953}