{"stats":{"minecraft:killed_by":{"minecraft:zombie":1},"minecraft:dropped":{"minecraft:rotten_flesh":1},"minecraft:mined":{"minecraft:sculk_vein":11,"minecraft:torch":1,"minecraft:crafting_table":6,"minecraft:glow_lichen":1,"minecraft:granite":18,"minecraft:short_grass":4,"minecraft:grass_block":7,"minecraft:sculk_sensor":1,"minecraft:cobblestone":2,"minecraft:sculk":17,"minecraft:diorite":4,"minecraft:wall_torch":1,"minecraft:spawner":1,"minecraft:furnace":3,"minecraft:birch_log":20,"minecraft:iron_ore":40,"minecraft:cobbled_deepslate":2,"minecraft:andesite":8,"minecraft:birch_leaves":2,"minecraft:coal_ore":89,"minecraft:oak_log":41,"minecraft:deepslate_iron_ore":13,"minecraft:gravel":4,"minecraft:dirt":6,"minecraft:cobweb":26,"minecraft:stone":158,"minecraft:oak_leaves":33,"minecraft:deepslate":49},"minecraft:crafted":{"minecraft:oak_planks":88,"minecraft:cooked_porkchop":25,"minecraft:crafting_table":7,"minecraft:wooden_pickaxe":2,"minecraft:birch_boat":1,"minecraft:iron_helmet":1,"minecraft:cooked_chicken":4,"minecraft:iron_sword":1,"minecraft:furnace":3,"minecraft:birch_planks":60,"minecraft:stone_axe":1,"minecraft:iron_boots":1,"minecraft:iron_chestplate":1,"minecraft:shield":1,"minecraft:stick":164,"minecraft:iron_ingot":37,"minecraft:iron_pickaxe":2,"minecraft:stone_pickaxe":4,"minecraft:wooden_axe":2,"minecraft:stone_sword":2,"minecraft:iron_leggings":1,"minecraft:torch":192},"minecraft:custom":{"minecraft:interact_with_furnace":42,"minecraft:mob_kills":37,"minecraft:interact_with_crafting_table":35,"minecraft:leave_game":15,"minecraft:time_since_death":7060,"minecraft:time_since_rest":7214,"minecraft:sprint_one_cm":120418,"minecraft:damage_taken":2429,"minecraft:walk_one_cm":283911,"minecraft:damage_blocked_by_shield":1155,"minecraft:drop":1,"minecraft:damage_dealt":5262,"minecraft:swim_one_cm":11354,"minecraft:fly_one_cm":49558,"minecraft:open_chest":1,"minecraft:crouch_one_cm":21587,"minecraft:play_time":127883,"minecraft:deaths":3,"minecraft:sneak_time":12377,"minecraft:walk_under_water_one_cm":25344,"minecraft:boat_one_cm":115620,"minecraft:jump":1101,"minecraft:walk_on_water_one_cm":32729,"minecraft:total_world_time":127883,"minecraft:fall_one_cm":18835},"minecraft:picked_up":{"minecraft:birch_log":19,"minecraft:crafting_table":6,"minecraft:feather":5,"minecraft:chicken":4,"minecraft:andesite":7,"minecraft:leather":3,"minecraft:flint":1,"minecraft:oak_log":40,"minecraft:dirt":30,"minecraft:string":27,"minecraft:bone":3,"minecraft:wheat_seeds":1,"minecraft:cobbled_deepslate":54,"minecraft:beef":6,"minecraft:birch_sapling":1,"minecraft:oak_planks":7,"minecraft:furnace":3,"minecraft:stick":6,"minecraft:raw_iron":53,"minecraft:oak_fence":4,"minecraft:torch":8,"minecraft:gravel":3,"minecraft:porkchop":25,"minecraft:diorite":4,"minecraft:spider_eye":1,"minecraft:arrow":6,"minecraft:rotten_flesh":9,"minecraft:granite":18,"minecraft:oak_sapling":4,"minecraft:black_wool":1,"minecraft:mutton":2,"minecraft:coal":82,"minecraft:white_wool":1,"minecraft:rail":4,"minecraft:cobblestone":173},"minecraft:killed":{"minecraft:pig":11,"minecraft:spider":3,"minecraft:skeleton":2,"minecraft:sheep":2,"minecraft:zombie":9,"minecraft:chicken":4,"minecraft:drowned":1,"minecraft:cow":2},"minecraft:broken":{"minecraft:stone_pickaxe":1,"minecraft:stone_sword":1,"minecraft:wooden_axe":1,"minecraft:wooden_pickaxe":1},"minecraft:used":{"minecraft:stone_sword":107,"minecraft:birch_planks":3,"minecraft:stone_pickaxe":297,"minecraft:shield":42,"minecraft:birch_boat":1,"minecraft:wooden_pickaxe":106,"minecraft:iron_sword":26,"minecraft:cooked_chicken":4,"minecraft:rotten_flesh":1,"minecraft:white_wool":1,"minecraft:torch":163,"minecraft:dirt":10,"minecraft:crafting_table":11,"minecraft:wooden_axe":42,"minecraft:iron_pickaxe":59,"minecraft:stone_axe":49,"minecraft:cobblestone":53,"minecraft:furnace":5,"minecraft:oak_sapling":2,"minecraft:cooked_porkchop":15,"minecraft:cobbled_deepslate":20}},"DataVersion":3953}