{"stats":{"minecraft:custom":{"minecraft:time_since_rest":5999,"minecraft:play_time":5999,"minecraft:sprint_one_cm":5819,"minecraft:damage_taken":85,"minecraft:walk_one_cm":12100,"minecraft:jump":57,"minecraft:damage_dealt":123,"minecraft:time_since_death":5999,"minecraft:total_world_time":5999,"minecraft:fall_one_cm":693,"minecraft:interact_with_crafting_table":5,"minecraft:fly_one_cm":3045},"minecraft:crafted":{"minecraft:stone_sword":1,"minecraft:oak_planks":16,"minecraft:stone_axe":1,"minecraft:crafting_table":1,"minecraft:stick":4,"minecraft:wooden_pickaxe":1,"minecraft:stone_pickaxe":1},"minecraft:used":{"minecraft:stone_axe":1,"minecraft:crafting_table":1,"minecraft:oak_sapling":1,"minecraft:stone_pickaxe":14,"minecraft:wooden_pickaxe":18},"minecraft:picked_up":{"minecraft:stick":5,"minecraft:crafting_table":1,"minecraft:oak_log":4,"minecraft:oak_sapling":2,"minecraft:coal":7,"minecraft:dirt":22,"minecraft:cobblestone":20},"minecraft:mined":{"minecraft:coal_ore":11,"minecraft:grass_block":2,"minecraft:oak_log":4,"minecraft:dirt":1,"minecraft:stone":20,"minecraft:crafting_table":1}},"DataVersion":3953}