{"stats":{"minecraft:killed":{"minecraft:pig":11,"minecraft:spider":3,"minecraft:sheep":2,"minecraft:skeleton":2,"minecraft:zombie":9,"minecraft:chicken":4,"minecraft:drowned":1,"minecraft:cow":2},"minecraft:picked_up":{"minecraft:birch_log":16,"minecraft:crafting_table":4,"minecraft:feather":5,"minecraft:chicken":4,"minecraft:leather":3,"minecraft:oak_log":40,"minecraft:dirt":27,"minecraft:string":27,"minecraft:bone":3,"minecraft:cobbled_deepslate":26,"minecraft:beef":6,"minecraft:birch_sapling":1,"minecraft:oak_planks":7,"minecraft:furnace":2,"minecraft:stick":6,"minecraft:raw_iron":42,"minecraft:oak_fence":4,"minecraft:torch":8,"minecraft:porkchop":25,"minecraft:diorite":4,"minecraft:spider_eye":1,"minecraft:arrow":6,"minecraft:rotten_flesh":9,"minecraft:granite":12,"minecraft:black_wool":1,"minecraft:oak_sapling":4,"minecraft:mutton":2,"minecraft:coal":62,"minecraft:white_wool":1,"minecraft:rail":4,"minecraft:cobblestone":117},"minecraft:killed_by":{"minecraft:zombie":1},"minecraft:mined":{"minecraft:sculk_vein":11,"minecraft:glow_lichen":1,"minecraft:crafting_table":4,"minecraft:torch":1,"minecraft:granite":12,"minecraft:short_grass":2,"minecraft:grass_block":3,"minecraft:sculk_sensor":1,"minecraft:cobblestone":2,"minecraft:sculk":17,"minecraft:diorite":4,"minecraft:wall_torch":1,"minecraft:spawner":1,"minecraft:furnace":2,"minecraft:birch_log":16,"minecraft:iron_ore":30,"minecraft:cobbled_deepslate":2,"minecraft:birch_leaves":2,"minecraft:andesite":1,"minecraft:coal_ore":67,"minecraft:oak_log":41,"minecraft:deepslate_iron_ore":12,"minecraft:dirt":5,"minecraft:cobweb":26,"minecraft:stone":101,"minecraft:oak_leaves":20,"minecraft:deepslate":21},"minecraft:broken":{"minecraft:stone_pickaxe":1,"minecraft:stone_sword":1,"minecraft:wooden_axe":1,"minecraft:wooden_pickaxe":1},"minecraft:custom":{"minecraft:interact_with_furnace":35,"minecraft:mob_kills":37,"minecraft:interact_with_crafting_table":28,"minecraft:leave_game":9,"minecraft:time_since_death":23264,"minecraft:time_since_rest":23343,"minecraft:sprint_one_cm":105476,"minecraft:damage_taken":2079,"minecraft:walk_one_cm":265076,"minecraft:damage_blocked_by_shield":1155,"minecraft:drop":1,"minecraft:damage_dealt":5262,"minecraft:swim_one_cm":6981,"minecraft:fly_one_cm":40954,"minecraft:open_chest":1,"minecraft:crouch_one_cm":20433,"minecraft:play_time":107879,"minecraft:deaths":2,"minecraft:sneak_time":8990,"minecraft:walk_under_water_one_cm":25239,"minecraft:boat_one_cm":115620,"minecraft:jump":965,"minecraft:walk_on_water_one_cm":22967,"minecraft:total_world_time":107879,"minecraft:fall_one_cm":14706},"minecraft:dropped":{"minecraft:rotten_flesh":1},"minecraft:used":{"minecraft:stone_sword":107,"minecraft:birch_planks":2,"minecraft:stone_pickaxe":189,"minecraft:birch_boat":1,"minecraft:wooden_pickaxe":82,"minecraft:shield":42,"minecraft:iron_sword":26,"minecraft:rotten_flesh":1,"minecraft:cooked_chicken":4,"minecraft:torch":143,"minecraft:dirt":10,"minecraft:crafting_table":9,"minecraft:wooden_axe":42,"minecraft:iron_pickaxe":40,"minecraft:stone_axe":49,"minecraft:cobblestone":48,"minecraft:furnace":4,"minecraft:oak_sapling":2,"minecraft:cooked_porkchop":13,"minecraft:cobbled_deepslate":20},"minecraft:crafted":{"minecraft:oak_planks":88,"minecraft:cooked_porkchop":14,"minecraft:crafting_table":7,"minecraft:birch_boat":1,"minecraft:wooden_pickaxe":2,"minecraft:iron_helmet":1,"minecraft:cooked_chicken":4,"minecraft:iron_sword":1,"minecraft:furnace":3,"minecraft:birch_planks":60,"minecraft:stone_axe":1,"minecraft:iron_boots":1,"minecraft:iron_chestplate":1,"minecraft:shield":1,"minecraft:stick":108,"minecraft:iron_ingot":32,"minecraft:iron_pickaxe":1,"minecraft:stone_pickaxe":3,"minecraft:wooden_axe":2,"minecraft:stone_sword":1,"minecraft:iron_leggings":1,"minecraft:torch":148}},"DataVersion":3953}