{"stats":{"minecraft:custom":{"minecraft:time_since_rest":12068,"minecraft:crouch_one_cm":1332,"minecraft:play_time":12068,"minecraft:sprint_one_cm":17155,"minecraft:damage_taken":110,"minecraft:walk_one_cm":25975,"minecraft:sneak_time":1121,"minecraft:mob_kills":2,"minecraft:jump":152,"minecraft:damage_dealt":268,"minecraft:leave_game":1,"minecraft:time_since_death":12068,"minecraft:total_world_time":12068,"minecraft:interact_with_crafting_table":5,"minecraft:fall_one_cm":3635,"minecraft:fly_one_cm":8831},"minecraft:killed":{"minecraft:cow":2},"minecraft:crafted":{"minecraft:furnace":1,"minecraft:birch_planks":24,"minecraft:stone_axe":1,"minecraft:crafting_table":1,"minecraft:stick":8,"minecraft:wooden_pickaxe":1,"minecraft:stone_pickaxe":1},"minecraft:used":{"minecraft:stone_axe":11,"minecraft:cobblestone":1,"minecraft:crafting_table":3,"minecraft:stone_pickaxe":100,"minecraft:wooden_pickaxe":4},"minecraft:mined":{"minecraft:grass_block":3,"minecraft:coal_ore":42,"minecraft:dirt":1,"minecraft:birch_log":12,"minecraft:copper_ore":7,"minecraft:stone":54,"minecraft:birch_leaves":1,"minecraft:crafting_table":2},"minecraft:picked_up":{"minecraft:raw_copper":25,"minecraft:birch_log":12,"minecraft:crafting_table":2,"minecraft:leather":1,"minecraft:beef":4,"minecraft:dirt":4,"minecraft:coal":40,"minecraft:birch_sapling":4,"minecraft:cobblestone":51}},"DataVersion":3953}