{"stats":{"minecraft:custom":{"minecraft:interact_with_furnace":24,"minecraft:mob_kills":17,"minecraft:interact_with_crafting_table":19,"minecraft:leave_game":8,"minecraft:time_since_death":62565,"minecraft:time_since_rest":62565,"minecraft:sprint_one_cm":39975,"minecraft:damage_taken":1132,"minecraft:walk_one_cm":151356,"minecraft:damage_blocked_by_shield":150,"minecraft:damage_dealt":2359,"minecraft:swim_one_cm":6513,"minecraft:fly_one_cm":15815,"minecraft:open_chest":1,"minecraft:crouch_one_cm":6948,"minecraft:play_time":62565,"minecraft:sneak_time":3294,"minecraft:walk_under_water_one_cm":14078,"minecraft:jump":521,"minecraft:walk_on_water_one_cm":11043,"minecraft:total_world_time":62565,"minecraft:fall_one_cm":7115},"minecraft:killed":{"minecraft:pig":6,"minecraft:zombie":5,"minecraft:chicken":3},"minecraft:crafted":{"minecraft:oak_planks":56,"minecraft:cooked_porkchop":14,"minecraft:crafting_table":3,"minecraft:wooden_pickaxe":1,"minecraft:cooked_chicken":3,"minecraft:iron_helmet":1,"minecraft:furnace":2,"minecraft:stone_axe":1,"minecraft:iron_boots":1,"minecraft:iron_chestplate":1,"minecraft:shield":1,"minecraft:stick":68,"minecraft:iron_ingot":27,"minecraft:stone_pickaxe":3,"minecraft:stone_sword":1,"minecraft:torch":104},"minecraft:used":{"minecraft:stone_sword":67,"minecraft:stone_pickaxe":179,"minecraft:wooden_pickaxe":60,"minecraft:shield":6,"minecraft:cooked_chicken":3,"minecraft:torch":108,"minecraft:dirt":4,"minecraft:crafting_table":5,"minecraft:stone_axe":49,"minecraft:cobblestone":35,"minecraft:oak_sapling":2,"minecraft:furnace":3,"minecraft:cooked_porkchop":11,"minecraft:cobbled_deepslate":20},"minecraft:mined":{"minecraft:sculk_vein":11,"minecraft:crafting_table":2,"minecraft:glow_lichen":1,"minecraft:torch":1,"minecraft:granite":10,"minecraft:grass_block":3,"minecraft:sculk_sensor":1,"minecraft:cobblestone":2,"minecraft:sculk":17,"minecraft:diorite":4,"minecraft:furnace":1,"minecraft:iron_ore":19,"minecraft:cobbled_deepslate":2,"minecraft:coal_ore":55,"minecraft:oak_log":27,"minecraft:deepslate_iron_ore":8,"minecraft:dirt":5,"minecraft:stone":85,"minecraft:oak_leaves":13,"minecraft:deepslate":19},"minecraft:picked_up":{"minecraft:crafting_table":2,"minecraft:feather":4,"minecraft:chicken":3,"minecraft:oak_log":26,"minecraft:dirt":27,"minecraft:string":1,"minecraft:cobbled_deepslate":24,"minecraft:oak_planks":5,"minecraft:furnace":1,"minecraft:stick":5,"minecraft:raw_iron":28,"minecraft:oak_fence":1,"minecraft:torch":6,"minecraft:porkchop":14,"minecraft:diorite":4,"minecraft:rotten_flesh":5,"minecraft:granite":10,"minecraft:oak_sapling":3,"minecraft:coal":50,"minecraft:rail":2,"minecraft:cobblestone":91},"minecraft:broken":{"minecraft:stone_pickaxe":1,"minecraft:wooden_pickaxe":1}},"DataVersion":3953}