{"stats":{"minecraft:custom":{"minecraft:time_since_rest":11207,"minecraft:sprint_one_cm":9345,"minecraft:damage_taken":1063,"minecraft:walk_one_cm":134726,"minecraft:damage_dealt":65,"minecraft:swim_one_cm":7106,"minecraft:interact_with_crafting_table":3,"minecraft:fly_one_cm":7038,"minecraft:crouch_one_cm":6737,"minecraft:play_time":59999,"minecraft:deaths":4,"minecraft:sneak_time":8378,"minecraft:walk_under_water_one_cm":25694,"minecraft:jump":596,"minecraft:walk_on_water_one_cm":22846,"minecraft:time_since_death":11159,"minecraft:total_world_time":59999,"minecraft:fall_one_cm":6750},"minecraft:used":{"minecraft:stone_pickaxe":17,"minecraft:wooden_pickaxe":34,"minecraft:rotten_flesh":1,"minecraft:stone_axe":6,"minecraft:cobblestone":5,"minecraft:crafting_table":1},"minecraft:killed_by":{"minecraft:creeper":1,"minecraft:zombie":1},"minecraft:mined":{"minecraft:crafting_table":4,"minecraft:short_grass":2,"minecraft:grass_block":4,"minecraft:gravel":7,"minecraft:stone":41,"minecraft:oak_leaves":6},"minecraft:picked_up":{"minecraft:stick":13,"minecraft:crafting_table":4,"minecraft:wooden_pickaxe":1,"minecraft:gravel":6,"minecraft:dried_kelp":13,"minecraft:dirt":14,"minecraft:wooden_sword":1,"minecraft:stone_sword":1,"minecraft:rotten_flesh":4,"minecraft:stone_shovel":1,"minecraft:kelp":8,"minecraft:stone_axe":3,"minecraft:wheat_seeds":2,"minecraft:stone_pickaxe":1,"minecraft:coal":2,"minecraft:snowball":101,"minecraft:cobblestone":55},"minecraft:broken":{"minecraft:wooden_pickaxe":1}},"DataVersion":3953}