{"stats":{"minecraft:custom":{"minecraft:time_since_rest":17348,"minecraft:interact_with_furnace":5,"minecraft:sprint_one_cm":15517,"minecraft:damage_taken":193,"minecraft:walk_one_cm":29117,"minecraft:mob_kills":4,"minecraft:damage_dealt":383,"minecraft:interact_with_crafting_table":8,"minecraft:fly_one_cm":11102,"minecraft:crouch_one_cm":1109,"minecraft:play_time":17348,"minecraft:sneak_time":600,"minecraft:jump":190,"minecraft:leave_game":3,"minecraft:time_since_death":17348,"minecraft:total_world_time":17348,"minecraft:fall_one_cm":2003},"minecraft:crafted":{"minecraft:oak_planks":16,"minecraft:shield":1,"minecraft:crafting_table":1,"minecraft:stick":4,"minecraft:iron_ingot":4,"minecraft:wooden_pickaxe":1,"minecraft:stone_pickaxe":1,"minecraft:furnace":1,"minecraft:oak_button":1,"minecraft:torch":8,"minecraft:cooked_mutton":5},"minecraft:killed":{"minecraft:sheep":4},"minecraft:used":{"minecraft:cooked_mutton":2,"minecraft:stone_pickaxe":36,"minecraft:wooden_pickaxe":13,"minecraft:torch":4,"minecraft:mutton":1,"minecraft:crafting_table":1,"minecraft:furnace":1},"minecraft:mined":{"minecraft:furnace":1,"minecraft:iron_ore":5,"minecraft:birch_log":6,"minecraft:birch_leaves":3,"minecraft:crafting_table":1,"minecraft:short_grass":10,"minecraft:coal_ore":19,"minecraft:oak_log":6,"minecraft:tall_grass":1,"minecraft:stone":23,"minecraft:oak_leaves":2},"minecraft:picked_up":{"minecraft:iron_chestplate":1,"minecraft:birch_log":6,"minecraft:crafting_table":1,"minecraft:stick":2,"minecraft:raw_iron":15,"minecraft:gold_block":1,"minecraft:flint":4,"minecraft:oak_log":6,"minecraft:lapis_lazuli":15,"minecraft:bow":1,"minecraft:wheat_seeds":1,"minecraft:glass_bottle":1,"minecraft:mutton":6,"minecraft:birch_sapling":2,"minecraft:coal":22,"minecraft:lingering_potion":1,"minecraft:white_wool":4,"minecraft:cobblestone":22,"minecraft:furnace":1}},"DataVersion":3953}