{"stats":{"minecraft:custom":{"minecraft:time_since_rest":17757,"minecraft:sprint_one_cm":9768,"minecraft:damage_taken":1103,"minecraft:walk_one_cm":161397,"minecraft:damage_dealt":65,"minecraft:swim_one_cm":7106,"minecraft:interact_with_crafting_table":3,"minecraft:fly_one_cm":7225,"minecraft:crouch_one_cm":7153,"minecraft:play_time":66549,"minecraft:deaths":4,"minecraft:sneak_time":8455,"minecraft:walk_under_water_one_cm":25770,"minecraft:jump":684,"minecraft:leave_game":2,"minecraft:walk_on_water_one_cm":24431,"minecraft:time_since_death":17709,"minecraft:total_world_time":66549,"minecraft:fall_one_cm":7987},"minecraft:used":{"minecraft:stone_pickaxe":34,"minecraft:wooden_pickaxe":34,"minecraft:rotten_flesh":1,"minecraft:stone_axe":6,"minecraft:cobblestone":5,"minecraft:crafting_table":1},"minecraft:killed_by":{"minecraft:creeper":1,"minecraft:zombie":1},"minecraft:mined":{"minecraft:crafting_table":4,"minecraft:short_grass":2,"minecraft:grass_block":4,"minecraft:gravel":8,"minecraft:dirt":2,"minecraft:copper_ore":2,"minecraft:stone":53,"minecraft:oak_leaves":6},"minecraft:picked_up":{"minecraft:stick":13,"minecraft:crafting_table":4,"minecraft:wooden_pickaxe":1,"minecraft:gravel":6,"minecraft:dried_kelp":13,"minecraft:dirt":16,"minecraft:raw_copper":9,"minecraft:wooden_sword":1,"minecraft:stone_sword":1,"minecraft:stone_shovel":1,"minecraft:rotten_flesh":4,"minecraft:kelp":8,"minecraft:stone_axe":3,"minecraft:wheat_seeds":2,"minecraft:stone_pickaxe":1,"minecraft:coal":2,"minecraft:snowball":101,"minecraft:cobblestone":60},"minecraft:broken":{"minecraft:wooden_pickaxe":1}},"DataVersion":3953}