{"stats":{"minecraft:custom":{"minecraft:interact_with_furnace":10,"minecraft:mob_kills":4,"minecraft:interact_with_crafting_table":14,"minecraft:open_barrel":11,"minecraft:leave_game":9,"minecraft:time_since_death":39470,"minecraft:sleep_in_bed":2,"minecraft:climb_one_cm":2953,"minecraft:time_since_rest":2567,"minecraft:sprint_one_cm":24067,"minecraft:damage_taken":270,"minecraft:walk_one_cm":76678,"minecraft:damage_dealt":386,"minecraft:fly_one_cm":13765,"minecraft:open_chest":2,"minecraft:crouch_one_cm":6115,"minecraft:play_time":39470,"minecraft:sneak_time":2870,"minecraft:jump":246,"minecraft:total_world_time":39470,"minecraft:fall_one_cm":4108},"minecraft:killed":{"minecraft:sheep":4},"minecraft:crafted":{"minecraft:oak_planks":16,"minecraft:crafting_table":1,"minecraft:wooden_pickaxe":1,"minecraft:iron_helmet":1,"minecraft:iron_sword":1,"minecraft:furnace":1,"minecraft:cooked_mutton":5,"minecraft:shield":1,"minecraft:stick":8,"minecraft:iron_ingot":15,"minecraft:stone_pickaxe":1,"minecraft:iron_leggings":1,"minecraft:oak_button":1,"minecraft:torch":8},"minecraft:used":{"minecraft:cooked_mutton":3,"minecraft:stone_pickaxe":87,"minecraft:decorated_pot":1,"minecraft:wooden_pickaxe":13,"minecraft:iron_chestplate":1,"minecraft:torch":6,"minecraft:mutton":1,"minecraft:crafting_table":1,"minecraft:iron_helmet":1,"minecraft:furnace":2,"minecraft:iron_leggings":1},"minecraft:mined":{"minecraft:waxed_cut_copper_slab":1,"minecraft:sculk_vein":2,"minecraft:crafting_table":1,"minecraft:short_grass":10,"minecraft:decorated_pot":1,"minecraft:tall_grass":1,"minecraft:cobblestone":2,"minecraft:chiseled_tuff_bricks":12,"minecraft:tuff_bricks":26,"minecraft:purple_bed":1,"minecraft:furnace":1,"minecraft:waxed_copper_grate":1,"minecraft:birch_log":6,"minecraft:iron_ore":5,"minecraft:birch_leaves":3,"minecraft:waxed_copper_block":5,"minecraft:oak_log":6,"minecraft:coal_ore":19,"minecraft:waxed_oxidized_copper":1,"minecraft:stone":23,"minecraft:oak_leaves":2,"minecraft:green_bed":1},"minecraft:picked_up":{"minecraft:lingering_potion":1,"minecraft:birch_log":6,"minecraft:crafting_table":1,"minecraft:iron_chestplate":2,"minecraft:gold_block":1,"minecraft:flint":4,"minecraft:oak_log":6,"minecraft:waxed_copper_block":5,"minecraft:lapis_lazuli":15,"minecraft:string":3,"minecraft:waxed_cut_copper_slab":1,"minecraft:bow":1,"minecraft:wheat_seeds":1,"minecraft:glass_bottle":1,"minecraft:birch_sapling":2,"minecraft:iron_sword":1,"minecraft:waxed_oxidized_copper":1,"minecraft:furnace":1,"minecraft:stick":2,"minecraft:raw_iron":15,"minecraft:green_bed":1,"minecraft:waxed_copper_grate":1,"minecraft:purple_bed":1,"minecraft:decorated_pot":1,"minecraft:tuff_bricks":26,"minecraft:chiseled_tuff_bricks":12,"minecraft:mutton":6,"minecraft:coal":22,"minecraft:white_wool":4,"minecraft:cobblestone":24}},"DataVersion":3953}