{"stats":{"minecraft:custom":{"minecraft:time_since_rest":37336,"minecraft:interact_with_furnace":8,"minecraft:sprint_one_cm":53447,"minecraft:damage_taken":487,"minecraft:walk_one_cm":66016,"minecraft:mob_kills":5,"minecraft:drop":7,"minecraft:damage_dealt":490,"minecraft:swim_one_cm":34380,"minecraft:interact_with_crafting_table":15,"minecraft:fly_one_cm":26458,"minecraft:open_chest":3,"minecraft:crouch_one_cm":1568,"minecraft:play_time":56724,"minecraft:deaths":1,"minecraft:sneak_time":1364,"minecraft:walk_under_water_one_cm":29067,"minecraft:jump":424,"minecraft:leave_game":7,"minecraft:walk_on_water_one_cm":21966,"minecraft:time_since_death":36847,"minecraft:total_world_time":56724,"minecraft:fall_one_cm":9389},"minecraft:killed":{"minecraft:cod":3,"minecraft:cow":2},"minecraft:crafted":{"minecraft:wooden_sword":1,"minecraft:oak_planks":64,"minecraft:stone_shovel":1,"minecraft:crafting_table":5,"minecraft:stick":44,"minecraft:dried_kelp":57,"minecraft:wooden_pickaxe":2,"minecraft:stone_pickaxe":2,"minecraft:stone_sword":1,"minecraft:furnace":3,"minecraft:birch_planks":28,"minecraft:stone_axe":4},"minecraft:used":{"minecraft:dried_kelp":13,"minecraft:stone_pickaxe":172,"minecraft:birch_sapling":4,"minecraft:wooden_pickaxe":28,"minecraft:stone_axe":11,"minecraft:wooden_sword":21,"minecraft:cobblestone":1,"minecraft:crafting_table":8,"minecraft:furnace":3,"minecraft:oak_sapling":1},"minecraft:dropped":{"minecraft:stone_axe":3,"minecraft:stone_sword":1,"minecraft:stone_shovel":1,"minecraft:wooden_pickaxe":1,"minecraft:stick":13},"minecraft:killed_by":{"minecraft:player":1},"minecraft:mined":{"minecraft:tall_seagrass":2,"minecraft:furnace":2,"minecraft:kelp_plant":12,"minecraft:birch_log":18,"minecraft:birch_leaves":3,"minecraft:crafting_table":4,"minecraft:short_grass":2,"minecraft:coal_ore":77,"minecraft:grass_block":3,"minecraft:oak_log":17,"minecraft:dirt":2,"minecraft:copper_ore":7,"minecraft:stone":109,"minecraft:kelp":3,"minecraft:oak_leaves":9},"minecraft:picked_up":{"minecraft:birch_log":17,"minecraft:stick":13,"minecraft:crafting_table":6,"minecraft:cooked_beef":4,"minecraft:leather":1,"minecraft:oak_log":16,"minecraft:dirt":9,"minecraft:raw_copper":25,"minecraft:stone_sword":1,"minecraft:rotten_flesh":3,"minecraft:stone_shovel":1,"minecraft:kelp":78,"minecraft:stone_axe":1,"minecraft:wheat_seeds":1,"minecraft:beef":4,"minecraft:bone_meal":1,"minecraft:oak_sapling":1,"minecraft:birch_sapling":8,"minecraft:cod":1,"minecraft:coal":93,"minecraft:cobblestone":129,"minecraft:furnace":2}},"DataVersion":3953}