{"stats":{"minecraft:custom":{"minecraft:time_since_rest":105,"minecraft:interact_with_furnace":1,"minecraft:sprint_one_cm":17155,"minecraft:damage_taken":252,"minecraft:walk_one_cm":27045,"minecraft:mob_kills":2,"minecraft:damage_dealt":268,"minecraft:interact_with_crafting_table":6,"minecraft:fly_one_cm":8831,"minecraft:crouch_one_cm":1332,"minecraft:play_time":19493,"minecraft:deaths":1,"minecraft:sneak_time":1121,"minecraft:jump":156,"minecraft:leave_game":6,"minecraft:time_since_death":0,"minecraft:total_world_time":19493,"minecraft:fall_one_cm":3635},"minecraft:killed":{"minecraft:cow":2},"minecraft:crafted":{"minecraft:crafting_table":1,"minecraft:stick":8,"minecraft:wooden_pickaxe":1,"minecraft:stone_pickaxe":1,"minecraft:furnace":2,"minecraft:birch_planks":24,"minecraft:stone_axe":1},"minecraft:used":{"minecraft:stone_pickaxe":108,"minecraft:wooden_pickaxe":4,"minecraft:stone_axe":11,"minecraft:cobblestone":1,"minecraft:crafting_table":3,"minecraft:furnace":2},"minecraft:killed_by":{"minecraft:player":1},"minecraft:mined":{"minecraft:furnace":2,"minecraft:birch_log":12,"minecraft:birch_leaves":1,"minecraft:crafting_table":3,"minecraft:grass_block":3,"minecraft:coal_ore":42,"minecraft:dirt":1,"minecraft:copper_ore":7,"minecraft:stone":59},"minecraft:picked_up":{"minecraft:birch_log":12,"minecraft:crafting_table":3,"minecraft:cooked_beef":4,"minecraft:leather":1,"minecraft:dirt":4,"minecraft:raw_copper":25,"minecraft:beef":4,"minecraft:birch_sapling":4,"minecraft:coal":59,"minecraft:cobblestone":54,"minecraft:furnace":2}},"DataVersion":3953}