{"stats":{"minecraft:killed_by":{"minecraft:player":3,"minecraft:skeleton":1,"minecraft:creeper":1,"minecraft:zombie":2},"minecraft:mined":{"minecraft:white_bed":1,"minecraft:glass_pane":1,"minecraft:mossy_cobblestone":2,"minecraft:oak_door":1,"minecraft:cobblestone_stairs":1,"minecraft:powder_snow":5,"minecraft:oak_fence":1,"minecraft:crafting_table":4,"minecraft:short_grass":5,"minecraft:grass_block":6,"minecraft:copper_ore":2,"minecraft:tall_grass":1,"minecraft:cobblestone":6,"minecraft:wall_torch":1,"minecraft:yellow_bed":1,"minecraft:gravel":8,"minecraft:dirt":7,"minecraft:stone":60,"minecraft:oak_leaves":6},"minecraft:crafted":{"minecraft:stick":4},"minecraft:custom":{"minecraft:interact_with_crafting_table":3,"minecraft:leave_game":3,"minecraft:time_since_death":3209,"minecraft:climb_one_cm":1589,"minecraft:time_since_rest":3278,"minecraft:sprint_one_cm":18362,"minecraft:damage_taken":2490,"minecraft:walk_one_cm":257243,"minecraft:damage_dealt":217,"minecraft:swim_one_cm":7106,"minecraft:fly_one_cm":10897,"minecraft:crouch_one_cm":7632,"minecraft:play_time":108091,"minecraft:deaths":9,"minecraft:sneak_time":8668,"minecraft:walk_under_water_one_cm":29317,"minecraft:jump":1029,"minecraft:walk_on_water_one_cm":30945,"minecraft:total_world_time":108091,"minecraft:fall_one_cm":14394},"minecraft:picked_up":{"minecraft:crafting_table":5,"minecraft:wooden_pickaxe":1,"minecraft:potato":6,"minecraft:birch_planks":6,"minecraft:yellow_bed":1,"minecraft:gunpowder":3,"minecraft:cobblestone_stairs":4,"minecraft:cornflower":15,"minecraft:map":2,"minecraft:dirt":99,"minecraft:paper":16,"minecraft:raw_copper":45,"minecraft:wooden_sword":1,"minecraft:bone":3,"minecraft:kelp":8,"minecraft:wheat_seeds":41,"minecraft:cartography_table":2,"minecraft:stone_pickaxe":5,"minecraft:poppy":1,"minecraft:iron_sword":2,"minecraft:iron_boots":2,"minecraft:stick":13,"minecraft:oak_door":3,"minecraft:oak_fence":4,"minecraft:torch":1,"minecraft:dandelion":6,"minecraft:gravel":26,"minecraft:dried_kelp":65,"minecraft:white_bed":4,"minecraft:carrot":8,"minecraft:mossy_cobblestone":8,"minecraft:stone_sword":1,"minecraft:stone_shovel":1,"minecraft:rotten_flesh":11,"minecraft:stone_axe":7,"minecraft:beetroot_seeds":2,"minecraft:hay_block":2,"minecraft:bread":5,"minecraft:mutton":5,"minecraft:iron_bars":5,"minecraft:coal":2,"minecraft:snowball":101,"minecraft:white_wool":1,"minecraft:cobblestone":252},"minecraft:broken":{"minecraft:wooden_pickaxe":1},"minecraft:used":{"minecraft:oak_fence":1,"minecraft:iron_bars":1,"minecraft:birch_planks":1,"minecraft:stone_pickaxe":68,"minecraft:wooden_pickaxe":34,"minecraft:rotten_flesh":1,"minecraft:oak_door":1,"minecraft:crafting_table":2,"minecraft:gravel":7,"minecraft:stone_axe":9,"minecraft:cobblestone":10}},"DataVersion":3953}