{"stats":{"minecraft:custom":{"minecraft:time_since_rest":30317,"minecraft:crouch_one_cm":5346,"minecraft:play_time":35999,"minecraft:sprint_one_cm":2887,"minecraft:walk_one_cm":79074,"minecraft:damage_taken":429,"minecraft:deaths":1,"minecraft:sneak_time":2675,"minecraft:walk_under_water_one_cm":14685,"minecraft:jump":395,"minecraft:damage_dealt":65,"minecraft:time_since_death":30213,"minecraft:walk_on_water_one_cm":11166,"minecraft:total_world_time":35999,"minecraft:fly_one_cm":3030,"minecraft:swim_one_cm":4729,"minecraft:interact_with_crafting_table":3,"minecraft:fall_one_cm":2454},"minecraft:used":{"minecraft:rotten_flesh":1,"minecraft:cobblestone":1,"minecraft:crafting_table":1,"minecraft:wooden_pickaxe":20},"minecraft:killed_by":{"minecraft:zombie":1},"minecraft:mined":{"minecraft:short_grass":1,"minecraft:grass_block":4,"minecraft:gravel":1,"minecraft:stone":16,"minecraft:crafting_table":3,"minecraft:oak_leaves":6},"minecraft:picked_up":{"minecraft:stone_sword":1,"minecraft:stick":13,"minecraft:crafting_table":3,"minecraft:rotten_flesh":4,"minecraft:kelp":7,"minecraft:stone_axe":2,"minecraft:wooden_pickaxe":1,"minecraft:coal":2,"minecraft:snowball":101,"minecraft:dirt":3,"minecraft:cobblestone":20}},"DataVersion":3953}