{"stats":{"minecraft:custom":{"minecraft:time_since_rest":3468,"minecraft:crouch_one_cm":48,"minecraft:play_time":3468,"minecraft:sprint_one_cm":4076,"minecraft:walk_one_cm":1989,"minecraft:sneak_time":54,"minecraft:jump":45,"minecraft:leave_game":1,"minecraft:time_since_death":3468,"minecraft:total_world_time":3468,"minecraft:interact_with_crafting_table":1,"minecraft:fall_one_cm":836,"minecraft:fly_one_cm":3990},"minecraft:crafted":{"minecraft:oak_planks":12,"minecraft:crafting_table":1,"minecraft:stick":4,"minecraft:wooden_pickaxe":1},"minecraft:used":{"minecraft:dirt":2,"minecraft:crafting_table":1},"minecraft:picked_up":{"minecraft:oak_log":6,"minecraft:dirt":7},"minecraft:mined":{"minecraft:grass_block":1,"minecraft:oak_log":6,"minecraft:dirt":6,"minecraft:oak_leaves":4}},"DataVersion":3953}