{"stats":{"minecraft:killed_by":{"minecraft:player":1,"minecraft:zombie":1},"minecraft:dropped":{"minecraft:rotten_flesh":1},"minecraft:mined":{"minecraft:oak_door":2,"minecraft:sculk_vein":11,"minecraft:torch":1,"minecraft:crafting_table":10,"minecraft:glow_lichen":1,"minecraft:granite":29,"minecraft:short_grass":8,"minecraft:grass_block":10,"minecraft:sculk_sensor":1,"minecraft:cobblestone":2,"minecraft:sculk":17,"minecraft:diorite":11,"minecraft:wall_torch":1,"minecraft:spawner":1,"minecraft:dark_oak_slab":1,"minecraft:furnace":5,"minecraft:birch_log":31,"minecraft:iron_ore":40,"minecraft:cobbled_deepslate":2,"minecraft:andesite":8,"minecraft:birch_leaves":6,"minecraft:coal_ore":110,"minecraft:oak_log":63,"minecraft:deepslate_iron_ore":13,"minecraft:gravel":4,"minecraft:dirt":9,"minecraft:cobweb":26,"minecraft:stone":209,"minecraft:oak_leaves":36,"minecraft:deepslate":49},"minecraft:custom":{"minecraft:interact_with_furnace":48,"minecraft:mob_kills":53,"minecraft:interact_with_crafting_table":46,"minecraft:leave_game":18,"minecraft:time_since_death":29789,"minecraft:time_since_rest":30102,"minecraft:sprint_one_cm":195037,"minecraft:damage_taken":2784,"minecraft:walk_one_cm":360479,"minecraft:damage_blocked_by_shield":1155,"minecraft:drop":1,"minecraft:damage_dealt":6669,"minecraft:swim_one_cm":32532,"minecraft:fly_one_cm":76110,"minecraft:open_chest":2,"minecraft:crouch_one_cm":22646,"minecraft:play_time":165815,"minecraft:deaths":4,"minecraft:sneak_time":13333,"minecraft:walk_under_water_one_cm":64590,"minecraft:boat_one_cm":201515,"minecraft:jump":2562,"minecraft:walk_on_water_one_cm":49750,"minecraft:total_world_time":165815,"minecraft:fall_one_cm":22338},"minecraft:crafted":{"minecraft:cooked_beef":3,"minecraft:wooden_sword":1,"minecraft:oak_door":3,"minecraft:oak_planks":140,"minecraft:cooked_porkchop":25,"minecraft:crafting_table":11,"minecraft:wooden_pickaxe":3,"minecraft:birch_boat":1,"minecraft:iron_helmet":1,"minecraft:cooked_chicken":4,"minecraft:iron_sword":2,"minecraft:furnace":4,"minecraft:cooked_salmon":2,"minecraft:birch_planks":100,"minecraft:stone_axe":1,"minecraft:oak_boat":1,"minecraft:iron_boots":1,"minecraft:iron_chestplate":1,"minecraft:shield":2,"minecraft:stick":180,"minecraft:iron_ingot":37,"minecraft:iron_pickaxe":3,"minecraft:stone_pickaxe":5,"minecraft:wooden_axe":3,"minecraft:stone_sword":2,"minecraft:iron_leggings":1,"minecraft:torch":192},"minecraft:picked_up":{"minecraft:birch_log":30,"minecraft:crafting_table":10,"minecraft:feather":5,"minecraft:chicken":4,"minecraft:salmon":2,"minecraft:andesite":7,"minecraft:leather":6,"minecraft:flint":1,"minecraft:oak_log":61,"minecraft:gunpowder":2,"minecraft:dirt":54,"minecraft:string":27,"minecraft:bone":4,"minecraft:wheat_seeds":1,"minecraft:cobbled_deepslate":54,"minecraft:beef":10,"minecraft:birch_sapling":1,"minecraft:oak_planks":7,"minecraft:furnace":5,"minecraft:stick":6,"minecraft:raw_iron":53,"minecraft:oak_door":2,"minecraft:oak_fence":4,"minecraft:torch":8,"minecraft:gravel":3,"minecraft:porkchop":25,"minecraft:diorite":11,"minecraft:spider_eye":1,"minecraft:arrow":8,"minecraft:rotten_flesh":9,"minecraft:granite":29,"minecraft:oak_sapling":5,"minecraft:black_wool":1,"minecraft:mutton":14,"minecraft:coal":100,"minecraft:white_wool":10,"minecraft:rail":4,"minecraft:cobblestone":219},"minecraft:killed":{"minecraft:pig":11,"minecraft:salmon":3,"minecraft:spider":3,"minecraft:creeper":1,"minecraft:skeleton":2,"minecraft:sheep":11,"minecraft:zombie":9,"minecraft:chicken":4,"minecraft:drowned":1,"minecraft:cow":5},"minecraft:broken":{"minecraft:stone_pickaxe":1,"minecraft:stone_sword":1,"minecraft:wooden_axe":1,"minecraft:wooden_pickaxe":2},"minecraft:used":{"minecraft:diorite":7,"minecraft:stone_sword":107,"minecraft:birch_planks":3,"minecraft:stone_pickaxe":300,"minecraft:oak_planks":11,"minecraft:shield":42,"minecraft:birch_boat":1,"minecraft:wooden_pickaxe":165,"minecraft:iron_sword":44,"minecraft:cooked_chicken":4,"minecraft:rotten_flesh":1,"minecraft:oak_door":4,"minecraft:white_wool":1,"minecraft:torch":163,"minecraft:dirt":21,"minecraft:crafting_table":17,"minecraft:granite":11,"minecraft:oak_log":1,"minecraft:wooden_axe":76,"minecraft:iron_pickaxe":91,"minecraft:stone_axe":49,"minecraft:wooden_sword":14,"minecraft:cobblestone":85,"minecraft:furnace":7,"minecraft:oak_sapling":3,"minecraft:cooked_porkchop":15,"minecraft:oak_boat":1,"minecraft:cooked_beef":3,"minecraft:cobbled_deepslate":20}},"DataVersion":3953}