{"stats":{"minecraft:custom":{"minecraft:time_since_rest":18317,"minecraft:crouch_one_cm":4366,"minecraft:play_time":23999,"minecraft:sprint_one_cm":2661,"minecraft:walk_one_cm":56788,"minecraft:damage_taken":399,"minecraft:deaths":1,"minecraft:sneak_time":1823,"minecraft:walk_under_water_one_cm":14685,"minecraft:jump":335,"minecraft:damage_dealt":65,"minecraft:time_since_death":18213,"minecraft:walk_on_water_one_cm":11166,"minecraft:total_world_time":23999,"minecraft:fly_one_cm":2880,"minecraft:swim_one_cm":4729,"minecraft:interact_with_crafting_table":3,"minecraft:fall_one_cm":1976},"minecraft:used":{"minecraft:rotten_flesh":1},"minecraft:killed_by":{"minecraft:zombie":1},"minecraft:picked_up":{"minecraft:crafting_table":1,"minecraft:rotten_flesh":4,"minecraft:kelp":7,"minecraft:snowball":101},"minecraft:mined":{"minecraft:short_grass":1,"minecraft:gravel":1,"minecraft:crafting_table":1,"minecraft:oak_leaves":6}},"DataVersion":3953}