{"stats":{"minecraft:custom":{"minecraft:time_since_rest":19360,"minecraft:interact_with_furnace":4,"minecraft:sprint_one_cm":33693,"minecraft:damage_taken":225,"minecraft:walk_one_cm":53302,"minecraft:mob_kills":9,"minecraft:damage_dealt":889,"minecraft:swim_one_cm":6513,"minecraft:interact_with_crafting_table":6,"minecraft:fly_one_cm":10092,"minecraft:open_chest":1,"minecraft:crouch_one_cm":717,"minecraft:play_time":19360,"minecraft:sneak_time":323,"minecraft:walk_under_water_one_cm":10249,"minecraft:jump":250,"minecraft:leave_game":1,"minecraft:time_since_death":19360,"minecraft:walk_on_water_one_cm":3113,"minecraft:total_world_time":19360,"minecraft:fall_one_cm":4280},"minecraft:killed":{"minecraft:pig":6,"minecraft:chicken":3},"minecraft:crafted":{"minecraft:oak_planks":32,"minecraft:cooked_porkchop":5,"minecraft:crafting_table":1,"minecraft:stick":4,"minecraft:wooden_pickaxe":1,"minecraft:stone_pickaxe":1,"minecraft:stone_sword":1,"minecraft:furnace":1,"minecraft:torch":8,"minecraft:stone_axe":1},"minecraft:used":{"minecraft:stone_sword":15,"minecraft:stone_pickaxe":76,"minecraft:wooden_pickaxe":18,"minecraft:torch":4,"minecraft:stone_axe":49,"minecraft:cobblestone":12,"minecraft:crafting_table":2,"minecraft:furnace":1,"minecraft:oak_sapling":1,"minecraft:cooked_porkchop":2},"minecraft:mined":{"minecraft:furnace":1,"minecraft:crafting_table":2,"minecraft:oak_log":27,"minecraft:grass_block":3,"minecraft:coal_ore":48,"minecraft:dirt":3,"minecraft:stone":41,"minecraft:oak_leaves":13},"minecraft:picked_up":{"minecraft:stick":5,"minecraft:crafting_table":2,"minecraft:feather":4,"minecraft:chicken":3,"minecraft:porkchop":14,"minecraft:oak_log":26,"minecraft:dirt":25,"minecraft:oak_sapling":3,"minecraft:coal":44,"minecraft:cobblestone":41,"minecraft:furnace":1}},"DataVersion":3953}