{"stats":{"minecraft:dropped":{"minecraft:tuff_bricks":8,"minecraft:wheat_seeds":1,"minecraft:tuff":3,"minecraft:rotten_flesh":1,"minecraft:cooked_mutton":1,"minecraft:waxed_copper_block":1,"minecraft:waxed_oxidized_copper":1,"minecraft:wooden_sword":1},"minecraft:mined":{"minecraft:waxed_cut_copper_slab":1,"minecraft:tuff":3,"minecraft:sculk_vein":2,"minecraft:crafting_table":2,"minecraft:short_grass":14,"minecraft:decorated_pot":1,"minecraft:tall_grass":1,"minecraft:cobblestone":2,"minecraft:chiseled_tuff_bricks":12,"minecraft:tuff_bricks":26,"minecraft:purple_bed":1,"minecraft:furnace":5,"minecraft:waxed_copper_grate":1,"minecraft:birch_log":6,"minecraft:iron_ore":9,"minecraft:birch_leaves":3,"minecraft:waxed_copper_block":5,"minecraft:oak_log":6,"minecraft:coal_ore":74,"minecraft:deepslate_iron_ore":5,"minecraft:waxed_oxidized_copper":1,"minecraft:stone":59,"minecraft:oak_leaves":2,"minecraft:green_bed":4},"minecraft:crafted":{"minecraft:oak_planks":20,"minecraft:cooked_porkchop":6,"minecraft:crafting_table":1,"minecraft:cooked_chicken":2,"minecraft:wooden_pickaxe":1,"minecraft:iron_helmet":1,"minecraft:iron_sword":2,"minecraft:furnace":2,"minecraft:cooked_salmon":8,"minecraft:stone_axe":1,"minecraft:cooked_mutton":8,"minecraft:shield":2,"minecraft:stick":12,"minecraft:iron_pickaxe":1,"minecraft:iron_ingot":36,"minecraft:stone_pickaxe":1,"minecraft:iron_leggings":2,"minecraft:oak_button":1,"minecraft:torch":20},"minecraft:custom":{"minecraft:interact_with_furnace":49,"minecraft:mob_kills":33,"minecraft:interact_with_crafting_table":18,"minecraft:open_barrel":11,"minecraft:leave_game":20,"minecraft:time_since_death":89455,"minecraft:sleep_in_bed":6,"minecraft:climb_one_cm":2953,"minecraft:time_since_rest":13339,"minecraft:sprint_one_cm":148101,"minecraft:damage_taken":506,"minecraft:walk_one_cm":187104,"minecraft:damage_blocked_by_shield":240,"minecraft:drop":8,"minecraft:damage_dealt":2480,"minecraft:swim_one_cm":42618,"minecraft:fly_one_cm":76355,"minecraft:player_kills":1,"minecraft:open_chest":2,"minecraft:crouch_one_cm":11534,"minecraft:play_time":89455,"minecraft:sneak_time":6098,"minecraft:walk_under_water_one_cm":15188,"minecraft:jump":952,"minecraft:walk_on_water_one_cm":13601,"minecraft:total_world_time":89455,"minecraft:fall_one_cm":14480},"minecraft:picked_up":{"minecraft:lingering_potion":1,"minecraft:birch_log":10,"minecraft:iron_chestplate":2,"minecraft:crafting_table":3,"minecraft:feather":6,"minecraft:chicken":5,"minecraft:salmon":9,"minecraft:leather":1,"minecraft:birch_planks":32,"minecraft:gold_block":1,"minecraft:flint":4,"minecraft:tuff":3,"minecraft:oak_log":6,"minecraft:waxed_copper_block":5,"minecraft:shield":1,"minecraft:lapis_lazuli":15,"minecraft:string":3,"minecraft:waxed_cut_copper_slab":1,"minecraft:wooden_sword":1,"minecraft:iron_leggings":1,"minecraft:bone":4,"minecraft:bow":1,"minecraft:wheat_seeds":2,"minecraft:beef":2,"minecraft:trial_key":3,"minecraft:glass_bottle":1,"minecraft:birch_sapling":2,"minecraft:iron_sword":1,"minecraft:egg":1,"minecraft:waxed_oxidized_copper":1,"minecraft:iron_boots":1,"minecraft:furnace":5,"minecraft:stick":5,"minecraft:raw_iron":25,"minecraft:green_bed":4,"minecraft:porkchop":7,"minecraft:waxed_copper_grate":1,"minecraft:rotten_flesh":5,"minecraft:purple_bed":1,"minecraft:diamond_chestplate":1,"minecraft:decorated_pot":1,"minecraft:tuff_bricks":26,"minecraft:mutton":11,"minecraft:coal":77,"minecraft:chiseled_tuff_bricks":12,"minecraft:white_wool":9,"minecraft:cobblestone":60},"minecraft:killed":{"minecraft:pig":4,"minecraft:salmon":11,"minecraft:skeleton":1,"minecraft:sheep":5,"minecraft:zombie":4,"minecraft:chicken":5,"minecraft:cow":2},"minecraft:broken":{"minecraft:stone_pickaxe":1,"minecraft:wooden_pickaxe":1},"minecraft:used":{"minecraft:cooked_mutton":7,"minecraft:stone_pickaxe":131,"minecraft:decorated_pot":1,"minecraft:shield":10,"minecraft:wooden_pickaxe":59,"minecraft:iron_sword":80,"minecraft:cooked_chicken":2,"minecraft:rotten_flesh":4,"minecraft:green_bed":3,"minecraft:iron_chestplate":1,"minecraft:salmon":1,"minecraft:torch":18,"minecraft:mutton":1,"minecraft:crafting_table":2,"minecraft:iron_pickaxe":17,"minecraft:iron_helmet":1,"minecraft:iron_boots":1,"minecraft:stone_axe":1,"minecraft:diamond_chestplate":1,"minecraft:cobblestone":3,"minecraft:purple_bed":1,"minecraft:furnace":5,"minecraft:egg":1,"minecraft:iron_leggings":1}},"DataVersion":3953}