{"stats":{"minecraft:custom":{"minecraft:interact_with_furnace":31,"minecraft:mob_kills":20,"minecraft:animals_bred":1,"minecraft:interact_with_crafting_table":31,"minecraft:bell_ring":3,"minecraft:leave_game":20,"minecraft:time_since_death":17807,"minecraft:sleep_in_bed":5,"minecraft:climb_one_cm":4102,"minecraft:time_since_rest":14068,"minecraft:sprint_one_cm":181238,"minecraft:damage_taken":1745,"minecraft:walk_one_cm":245969,"minecraft:drop":22,"minecraft:damage_dealt":2306,"minecraft:swim_one_cm":41746,"minecraft:fly_one_cm":87037,"minecraft:open_chest":9,"minecraft:crouch_one_cm":3363,"minecraft:play_time":151490,"minecraft:deaths":2,"minecraft:sneak_time":3806,"minecraft:walk_under_water_one_cm":29981,"minecraft:jump":1183,"minecraft:interact_with_blast_furnace":1,"minecraft:walk_on_water_one_cm":28654,"minecraft:total_world_time":151490,"minecraft:fall_one_cm":23265},"minecraft:broken":{"minecraft:stone_pickaxe":1,"minecraft:stone_axe":1},"minecraft:killed":{"minecraft:cod":3,"minecraft:sheep":8,"minecraft:zombie":3,"minecraft:chicken":1,"minecraft:cow":5},"minecraft:picked_up":{"minecraft:birch_log":21,"minecraft:pink_petals":2,"minecraft:crafting_table":8,"minecraft:feather":2,"minecraft:cooked_beef":7,"minecraft:chicken":2,"minecraft:cherry_planks":9,"minecraft:leather":3,"minecraft:oak_stairs":33,"minecraft:oak_log":57,"minecraft:dirt":35,"minecraft:raw_copper":59,"minecraft:kelp":88,"minecraft:wheat_seeds":8,"minecraft:beef":8,"minecraft:cooked_chicken":1,"minecraft:light_gray_wool":2,"minecraft:chest":1,"minecraft:birch_sapling":8,"minecraft:oak_planks":91,"minecraft:furnace":8,"minecraft:egg":10,"minecraft:tipped_arrow":2,"minecraft:oak_slab":3,"minecraft:stick":17,"minecraft:oak_fence":8,"minecraft:torch":7,"minecraft:dandelion":3,"minecraft:dried_kelp":37,"minecraft:cherry_log":14,"minecraft:white_bed":4,"minecraft:stone_sword":2,"minecraft:bamboo_sign":1,"minecraft:stone_shovel":1,"minecraft:rotten_flesh":12,"minecraft:stone_axe":2,"minecraft:hay_block":3,"minecraft:cherry_sapling":1,"minecraft:bone_meal":3,"minecraft:oak_sapling":11,"minecraft:mutton":24,"minecraft:cod":2,"minecraft:coal":166,"minecraft:white_wool":12,"minecraft:cobblestone":237,"minecraft:oxeye_daisy":4},"minecraft:used":{"minecraft:oak_fence":30,"minecraft:stone_sword":88,"minecraft:stone_pickaxe":242,"minecraft:dried_kelp":49,"minecraft:ladder":3,"minecraft:bamboo_sign":1,"minecraft:chest":2,"minecraft:wooden_pickaxe":28,"minecraft:cherry_planks":9,"minecraft:torch":15,"minecraft:dirt":29,"minecraft:oak_slab":16,"minecraft:crafting_table":12,"minecraft:white_bed":2,"minecraft:birch_fence_gate":2,"minecraft:bread":9,"minecraft:birch_sapling":4,"minecraft:stone_axe":146,"minecraft:wooden_sword":21,"minecraft:pink_petals":2,"minecraft:cobblestone":45,"minecraft:furnace":6,"minecraft:oak_sapling":1,"minecraft:cooked_beef":1,"minecraft:cherry_log":7},"minecraft:crafted":{"minecraft:cooked_beef":4,"minecraft:wooden_sword":1,"minecraft:oak_slab":18,"minecraft:oak_planks":188,"minecraft:stone_shovel":1,"minecraft:crafting_table":5,"minecraft:dried_kelp":57,"minecraft:wooden_pickaxe":2,"minecraft:furnace":4,"minecraft:birch_planks":28,"minecraft:stone_axe":5,"minecraft:bread":9,"minecraft:cooked_mutton":12,"minecraft:ladder":3,"minecraft:birch_fence_gate":2,"minecraft:stick":68,"minecraft:stone_pickaxe":4,"minecraft:stone_sword":1,"minecraft:chest":3,"minecraft:torch":12,"minecraft:oak_fence":30,"minecraft:wheat":27},"minecraft:dropped":{"minecraft:stone_axe":4,"minecraft:stone_sword":1,"minecraft:stone_shovel":2,"minecraft:feather":2,"minecraft:rotten_flesh":4,"minecraft:oak_planks":11,"minecraft:stick":13,"minecraft:oxeye_daisy":2,"minecraft:wooden_sword":1,"minecraft:bone_meal":1,"minecraft:oak_stairs":1,"minecraft:dried_kelp":13,"minecraft:wooden_pickaxe":1,"minecraft:stone_pickaxe":1,"minecraft:dandelion":1},"minecraft:mined":{"minecraft:oak_slab":4,"minecraft:white_bed":3,"minecraft:glass_pane":2,"minecraft:kelp_plant":12,"minecraft:cherry_log":15,"minecraft:dandelion":1,"minecraft:oak_fence":4,"minecraft:crafting_table":6,"minecraft:torch":2,"minecraft:short_grass":22,"minecraft:grass_block":21,"minecraft:tall_grass":3,"minecraft:copper_ore":12,"minecraft:oak_planks":16,"minecraft:kelp":3,"minecraft:oxeye_daisy":1,"minecraft:wall_torch":2,"minecraft:bamboo_wall_sign":1,"minecraft:pink_petals":2,"minecraft:hay_block":3,"minecraft:tall_seagrass":2,"minecraft:furnace":4,"minecraft:birch_log":18,"minecraft:birch_leaves":3,"minecraft:coal_ore":99,"minecraft:oak_log":53,"minecraft:oak_stairs":30,"minecraft:cherry_leaves":4,"minecraft:dirt":9,"minecraft:stone":144,"minecraft:oak_leaves":28},"minecraft:killed_by":{"minecraft:player":2}},"DataVersion":3953}