{"stats":{"minecraft:custom":{"minecraft:interact_with_furnace":14,"minecraft:mob_kills":5,"minecraft:interact_with_crafting_table":20,"minecraft:leave_game":7,"minecraft:time_since_death":48847,"minecraft:time_since_rest":49336,"minecraft:sprint_one_cm":70542,"minecraft:damage_taken":527,"minecraft:walk_one_cm":80043,"minecraft:drop":12,"minecraft:damage_dealt":490,"minecraft:swim_one_cm":34380,"minecraft:fly_one_cm":33492,"minecraft:open_chest":3,"minecraft:crouch_one_cm":1568,"minecraft:play_time":68724,"minecraft:deaths":1,"minecraft:sneak_time":1364,"minecraft:walk_under_water_one_cm":29067,"minecraft:jump":523,"minecraft:walk_on_water_one_cm":21966,"minecraft:total_world_time":68724,"minecraft:fall_one_cm":11290},"minecraft:killed":{"minecraft:cod":3,"minecraft:cow":2},"minecraft:crafted":{"minecraft:wooden_sword":1,"minecraft:oak_planks":64,"minecraft:stone_shovel":1,"minecraft:crafting_table":5,"minecraft:dried_kelp":57,"minecraft:wooden_pickaxe":2,"minecraft:furnace":4,"minecraft:birch_planks":28,"minecraft:stone_axe":5,"minecraft:stick":44,"minecraft:stone_pickaxe":3,"minecraft:stone_sword":1,"minecraft:torch":12},"minecraft:used":{"minecraft:stone_sword":1,"minecraft:stone_pickaxe":191,"minecraft:dried_kelp":21,"minecraft:wooden_pickaxe":28,"minecraft:dirt":1,"minecraft:crafting_table":9,"minecraft:birch_sapling":4,"minecraft:stone_axe":12,"minecraft:wooden_sword":21,"minecraft:cobblestone":1,"minecraft:oak_sapling":1,"minecraft:furnace":4},"minecraft:dropped":{"minecraft:stone_axe":4,"minecraft:stone_sword":1,"minecraft:stone_shovel":2,"minecraft:stick":13,"minecraft:dried_kelp":13,"minecraft:wooden_sword":1,"minecraft:stone_pickaxe":1,"minecraft:wooden_pickaxe":1},"minecraft:killed_by":{"minecraft:player":1},"minecraft:mined":{"minecraft:kelp_plant":12,"minecraft:crafting_table":5,"minecraft:short_grass":3,"minecraft:grass_block":5,"minecraft:copper_ore":7,"minecraft:kelp":3,"minecraft:tall_seagrass":2,"minecraft:furnace":4,"minecraft:birch_log":18,"minecraft:birch_leaves":3,"minecraft:oak_log":17,"minecraft:coal_ore":77,"minecraft:dirt":6,"minecraft:stone":125,"minecraft:oak_leaves":9},"minecraft:picked_up":{"minecraft:birch_log":17,"minecraft:crafting_table":7,"minecraft:cooked_beef":4,"minecraft:leather":1,"minecraft:oak_log":16,"minecraft:dirt":15,"minecraft:raw_copper":25,"minecraft:kelp":83,"minecraft:wheat_seeds":1,"minecraft:beef":4,"minecraft:birch_sapling":8,"minecraft:furnace":4,"minecraft:stick":13,"minecraft:dried_kelp":16,"minecraft:stone_sword":1,"minecraft:stone_shovel":1,"minecraft:rotten_flesh":3,"minecraft:stone_axe":1,"minecraft:bone_meal":1,"minecraft:oak_sapling":1,"minecraft:coal":103,"minecraft:cod":1,"minecraft:cobblestone":144}},"DataVersion":3953}