{"stats":{"minecraft:custom":{"minecraft:time_since_rest":1728,"minecraft:crouch_one_cm":5491,"minecraft:play_time":47999,"minecraft:sprint_one_cm":5374,"minecraft:walk_one_cm":119095,"minecraft:damage_taken":1023,"minecraft:deaths":3,"minecraft:sneak_time":2698,"minecraft:walk_under_water_one_cm":24008,"minecraft:jump":528,"minecraft:damage_dealt":65,"minecraft:time_since_death":1644,"minecraft:walk_on_water_one_cm":18758,"minecraft:total_world_time":47999,"minecraft:fly_one_cm":4927,"minecraft:swim_one_cm":6304,"minecraft:interact_with_crafting_table":3,"minecraft:fall_one_cm":5287},"minecraft:used":{"minecraft:stone_axe":6,"minecraft:rotten_flesh":1,"minecraft:cobblestone":5,"minecraft:crafting_table":1,"minecraft:wooden_pickaxe":34},"minecraft:killed_by":{"minecraft:creeper":1,"minecraft:zombie":1},"minecraft:mined":{"minecraft:short_grass":2,"minecraft:grass_block":4,"minecraft:gravel":1,"minecraft:stone":30,"minecraft:crafting_table":3,"minecraft:oak_leaves":6},"minecraft:picked_up":{"minecraft:stone_sword":1,"minecraft:stick":13,"minecraft:crafting_table":3,"minecraft:rotten_flesh":4,"minecraft:kelp":8,"minecraft:stone_axe":2,"minecraft:wooden_pickaxe":1,"minecraft:coal":2,"minecraft:snowball":101,"minecraft:dirt":3,"minecraft:cobblestone":43},"minecraft:broken":{"minecraft:wooden_pickaxe":1}},"DataVersion":3953}