{"stats":{"minecraft:custom":{"minecraft:time_since_rest":38565,"minecraft:interact_with_furnace":4,"minecraft:sprint_one_cm":37457,"minecraft:damage_taken":555,"minecraft:walk_one_cm":78676,"minecraft:mob_kills":10,"minecraft:damage_dealt":1200,"minecraft:swim_one_cm":6513,"minecraft:interact_with_crafting_table":8,"minecraft:fly_one_cm":12939,"minecraft:open_chest":1,"minecraft:crouch_one_cm":968,"minecraft:play_time":38565,"minecraft:sneak_time":532,"minecraft:walk_under_water_one_cm":10249,"minecraft:jump":371,"minecraft:leave_game":8,"minecraft:walk_on_water_one_cm":4063,"minecraft:time_since_death":38565,"minecraft:total_world_time":38565,"minecraft:fall_one_cm":5352},"minecraft:killed":{"minecraft:zombie":1,"minecraft:pig":6,"minecraft:chicken":3},"minecraft:crafted":{"minecraft:oak_planks":56,"minecraft:cooked_porkchop":5,"minecraft:crafting_table":2,"minecraft:stick":68,"minecraft:wooden_pickaxe":1,"minecraft:stone_pickaxe":2,"minecraft:stone_sword":1,"minecraft:furnace":1,"minecraft:torch":104,"minecraft:stone_axe":1},"minecraft:used":{"minecraft:stone_sword":26,"minecraft:stone_pickaxe":138,"minecraft:wooden_pickaxe":32,"minecraft:stone_axe":49,"minecraft:torch":63,"minecraft:cobblestone":12,"minecraft:crafting_table":4,"minecraft:furnace":1,"minecraft:oak_sapling":1,"minecraft:cooked_porkchop":5,"minecraft:cobbled_deepslate":4},"minecraft:mined":{"minecraft:furnace":1,"minecraft:iron_ore":1,"minecraft:glow_lichen":1,"minecraft:crafting_table":2,"minecraft:granite":10,"minecraft:oak_log":27,"minecraft:grass_block":3,"minecraft:coal_ore":48,"minecraft:deepslate_iron_ore":3,"minecraft:dirt":5,"minecraft:stone":78,"minecraft:diorite":4,"minecraft:oak_leaves":13,"minecraft:deepslate":16},"minecraft:picked_up":{"minecraft:raw_iron":5,"minecraft:stick":5,"minecraft:crafting_table":2,"minecraft:feather":4,"minecraft:chicken":3,"minecraft:torch":2,"minecraft:porkchop":14,"minecraft:oak_log":26,"minecraft:diorite":4,"minecraft:dirt":27,"minecraft:rotten_flesh":2,"minecraft:cobbled_deepslate":19,"minecraft:granite":10,"minecraft:oak_sapling":3,"minecraft:coal":44,"minecraft:cobblestone":80,"minecraft:furnace":1},"minecraft:broken":{"minecraft:stone_pickaxe":1}},"DataVersion":3953}