{"stats":{"minecraft:custom":{"minecraft:time_since_rest":26566,"minecraft:interact_with_furnace":4,"minecraft:sprint_one_cm":33693,"minecraft:damage_taken":225,"minecraft:walk_one_cm":55889,"minecraft:mob_kills":9,"minecraft:damage_dealt":889,"minecraft:swim_one_cm":6513,"minecraft:interact_with_crafting_table":6,"minecraft:fly_one_cm":10092,"minecraft:open_chest":1,"minecraft:crouch_one_cm":717,"minecraft:play_time":26566,"minecraft:sneak_time":323,"minecraft:walk_under_water_one_cm":10249,"minecraft:jump":263,"minecraft:leave_game":8,"minecraft:walk_on_water_one_cm":3352,"minecraft:time_since_death":26566,"minecraft:total_world_time":26566,"minecraft:fall_one_cm":4549},"minecraft:killed":{"minecraft:pig":6,"minecraft:chicken":3},"minecraft:crafted":{"minecraft:oak_planks":32,"minecraft:cooked_porkchop":5,"minecraft:crafting_table":1,"minecraft:stick":16,"minecraft:wooden_pickaxe":1,"minecraft:stone_pickaxe":1,"minecraft:stone_sword":1,"minecraft:furnace":1,"minecraft:torch":20,"minecraft:stone_axe":1},"minecraft:used":{"minecraft:stone_sword":15,"minecraft:stone_pickaxe":131,"minecraft:wooden_pickaxe":32,"minecraft:stone_axe":49,"minecraft:torch":19,"minecraft:cobblestone":12,"minecraft:crafting_table":2,"minecraft:furnace":1,"minecraft:oak_sapling":1,"minecraft:cooked_porkchop":3},"minecraft:mined":{"minecraft:furnace":1,"minecraft:crafting_table":2,"minecraft:granite":10,"minecraft:oak_log":27,"minecraft:grass_block":3,"minecraft:coal_ore":48,"minecraft:dirt":5,"minecraft:stone":78,"minecraft:diorite":4,"minecraft:oak_leaves":13,"minecraft:deepslate":16},"minecraft:picked_up":{"minecraft:stick":5,"minecraft:crafting_table":2,"minecraft:feather":4,"minecraft:chicken":3,"minecraft:porkchop":14,"minecraft:oak_log":26,"minecraft:diorite":4,"minecraft:dirt":27,"minecraft:cobbled_deepslate":16,"minecraft:granite":10,"minecraft:oak_sapling":3,"minecraft:coal":44,"minecraft:cobblestone":78,"minecraft:furnace":1},"minecraft:broken":{"minecraft:stone_pickaxe":1}},"DataVersion":3953}