{"stats":{"minecraft:custom":{"minecraft:time_since_rest":12105,"minecraft:interact_with_furnace":1,"minecraft:sprint_one_cm":38797,"minecraft:damage_taken":357,"minecraft:walk_one_cm":44782,"minecraft:mob_kills":3,"minecraft:damage_dealt":380,"minecraft:swim_one_cm":14759,"minecraft:interact_with_crafting_table":9,"minecraft:fly_one_cm":21517,"minecraft:open_chest":3,"minecraft:crouch_one_cm":1568,"minecraft:play_time":31493,"minecraft:deaths":1,"minecraft:sneak_time":1326,"minecraft:walk_under_water_one_cm":12931,"minecraft:jump":317,"minecraft:leave_game":6,"minecraft:walk_on_water_one_cm":5686,"minecraft:time_since_death":11616,"minecraft:total_world_time":31493,"minecraft:fall_one_cm":7290},"minecraft:killed":{"minecraft:cod":1,"minecraft:cow":2},"minecraft:crafted":{"minecraft:wooden_sword":1,"minecraft:oak_planks":32,"minecraft:crafting_table":2,"minecraft:stick":16,"minecraft:wooden_pickaxe":1,"minecraft:stone_pickaxe":1,"minecraft:furnace":2,"minecraft:birch_planks":24,"minecraft:stone_axe":1},"minecraft:used":{"minecraft:stone_pickaxe":108,"minecraft:wooden_pickaxe":4,"minecraft:stone_axe":11,"minecraft:wooden_sword":5,"minecraft:cobblestone":1,"minecraft:crafting_table":4,"minecraft:furnace":2},"minecraft:killed_by":{"minecraft:player":1},"minecraft:mined":{"minecraft:tall_seagrass":1,"minecraft:furnace":2,"minecraft:kelp_plant":2,"minecraft:birch_log":14,"minecraft:birch_leaves":1,"minecraft:crafting_table":4,"minecraft:short_grass":2,"minecraft:oak_log":17,"minecraft:grass_block":3,"minecraft:coal_ore":42,"minecraft:dirt":2,"minecraft:copper_ore":7,"minecraft:stone":59,"minecraft:oak_leaves":9},"minecraft:picked_up":{"minecraft:birch_log":13,"minecraft:crafting_table":4,"minecraft:cooked_beef":4,"minecraft:leather":1,"minecraft:oak_log":16,"minecraft:dirt":5,"minecraft:raw_copper":25,"minecraft:kelp":7,"minecraft:wheat_seeds":1,"minecraft:beef":4,"minecraft:oak_sapling":1,"minecraft:cod":1,"minecraft:birch_sapling":4,"minecraft:coal":59,"minecraft:cobblestone":54,"minecraft:furnace":2}},"DataVersion":3953}