{"stats":{"minecraft:custom":{"minecraft:time_since_rest":30105,"minecraft:interact_with_furnace":7,"minecraft:sprint_one_cm":49933,"minecraft:damage_taken":387,"minecraft:walk_one_cm":60210,"minecraft:mob_kills":4,"minecraft:drop":7,"minecraft:damage_dealt":460,"minecraft:swim_one_cm":16078,"minecraft:interact_with_crafting_table":15,"minecraft:fly_one_cm":24623,"minecraft:open_chest":3,"minecraft:crouch_one_cm":1568,"minecraft:play_time":49493,"minecraft:deaths":1,"minecraft:sneak_time":1364,"minecraft:walk_under_water_one_cm":19639,"minecraft:jump":384,"minecraft:leave_game":6,"minecraft:walk_on_water_one_cm":10454,"minecraft:time_since_death":29616,"minecraft:total_world_time":49493,"minecraft:fall_one_cm":8730},"minecraft:killed":{"minecraft:cod":2,"minecraft:cow":2},"minecraft:crafted":{"minecraft:wooden_sword":1,"minecraft:oak_planks":64,"minecraft:stone_shovel":1,"minecraft:crafting_table":5,"minecraft:stick":44,"minecraft:dried_kelp":57,"minecraft:wooden_pickaxe":2,"minecraft:stone_pickaxe":2,"minecraft:stone_sword":1,"minecraft:furnace":3,"minecraft:birch_planks":28,"minecraft:stone_axe":4},"minecraft:used":{"minecraft:birch_sapling":4,"minecraft:stone_pickaxe":147,"minecraft:dried_kelp":7,"minecraft:wooden_pickaxe":28,"minecraft:stone_axe":11,"minecraft:wooden_sword":13,"minecraft:cobblestone":1,"minecraft:crafting_table":8,"minecraft:oak_sapling":1,"minecraft:furnace":3},"minecraft:dropped":{"minecraft:stone_axe":3,"minecraft:stone_sword":1,"minecraft:stone_shovel":1,"minecraft:wooden_pickaxe":1,"minecraft:stick":13},"minecraft:killed_by":{"minecraft:player":1},"minecraft:mined":{"minecraft:tall_seagrass":2,"minecraft:furnace":2,"minecraft:kelp_plant":7,"minecraft:birch_log":18,"minecraft:birch_leaves":3,"minecraft:crafting_table":4,"minecraft:short_grass":2,"minecraft:oak_log":17,"minecraft:grass_block":3,"minecraft:coal_ore":65,"minecraft:dirt":2,"minecraft:copper_ore":7,"minecraft:stone":96,"minecraft:kelp":1,"minecraft:oak_leaves":9},"minecraft:picked_up":{"minecraft:birch_log":17,"minecraft:crafting_table":4,"minecraft:cooked_beef":4,"minecraft:leather":1,"minecraft:oak_log":16,"minecraft:dirt":6,"minecraft:raw_copper":25,"minecraft:stone_shovel":1,"minecraft:kelp":57,"minecraft:stone_axe":1,"minecraft:wheat_seeds":1,"minecraft:beef":4,"minecraft:bone_meal":1,"minecraft:oak_sapling":1,"minecraft:cod":1,"minecraft:birch_sapling":8,"minecraft:coal":80,"minecraft:cobblestone":85,"minecraft:furnace":2}},"DataVersion":3953}