{"stats":{"minecraft:custom":{"minecraft:time_since_rest":50565,"minecraft:interact_with_furnace":11,"minecraft:sprint_one_cm":39530,"minecraft:damage_taken":800,"minecraft:walk_one_cm":98666,"minecraft:damage_blocked_by_shield":25,"minecraft:mob_kills":11,"minecraft:damage_dealt":1402,"minecraft:swim_one_cm":6513,"minecraft:interact_with_crafting_table":11,"minecraft:fly_one_cm":14922,"minecraft:open_chest":1,"minecraft:crouch_one_cm":3136,"minecraft:play_time":50565,"minecraft:sneak_time":1948,"minecraft:walk_under_water_one_cm":14078,"minecraft:jump":478,"minecraft:leave_game":8,"minecraft:walk_on_water_one_cm":11043,"minecraft:time_since_death":50565,"minecraft:total_world_time":50565,"minecraft:fall_one_cm":6906},"minecraft:killed":{"minecraft:zombie":1,"minecraft:pig":6,"minecraft:chicken":3},"minecraft:crafted":{"minecraft:oak_planks":56,"minecraft:iron_chestplate":1,"minecraft:cooked_porkchop":5,"minecraft:shield":1,"minecraft:crafting_table":2,"minecraft:stick":68,"minecraft:iron_ingot":10,"minecraft:cooked_chicken":3,"minecraft:wooden_pickaxe":1,"minecraft:stone_pickaxe":2,"minecraft:stone_sword":1,"minecraft:furnace":1,"minecraft:torch":104,"minecraft:stone_axe":1},"minecraft:used":{"minecraft:stone_sword":33,"minecraft:stone_pickaxe":144,"minecraft:shield":1,"minecraft:wooden_pickaxe":59,"minecraft:cooked_chicken":3,"minecraft:stone_axe":49,"minecraft:torch":89,"minecraft:dirt":2,"minecraft:cobblestone":24,"minecraft:crafting_table":4,"minecraft:furnace":2,"minecraft:oak_sapling":2,"minecraft:cooked_porkchop":5,"minecraft:cobbled_deepslate":18},"minecraft:mined":{"minecraft:furnace":1,"minecraft:iron_ore":1,"minecraft:sculk_vein":11,"minecraft:torch":1,"minecraft:glow_lichen":1,"minecraft:crafting_table":2,"minecraft:granite":10,"minecraft:oak_log":27,"minecraft:grass_block":3,"minecraft:coal_ore":48,"minecraft:deepslate_iron_ore":8,"minecraft:sculk_sensor":1,"minecraft:dirt":5,"minecraft:stone":78,"minecraft:sculk":17,"minecraft:diorite":4,"minecraft:oak_leaves":13,"minecraft:deepslate":19},"minecraft:picked_up":{"minecraft:raw_iron":10,"minecraft:stick":5,"minecraft:crafting_table":2,"minecraft:feather":4,"minecraft:chicken":3,"minecraft:oak_fence":1,"minecraft:torch":6,"minecraft:porkchop":14,"minecraft:oak_log":26,"minecraft:diorite":4,"minecraft:string":1,"minecraft:dirt":27,"minecraft:rotten_flesh":2,"minecraft:cobbled_deepslate":22,"minecraft:granite":10,"minecraft:oak_sapling":3,"minecraft:oak_planks":1,"minecraft:coal":44,"minecraft:rail":2,"minecraft:cobblestone":80,"minecraft:furnace":1},"minecraft:broken":{"minecraft:stone_pickaxe":1}},"DataVersion":3953}