{"stats":{"minecraft:killed":{"minecraft:spider":44,"minecraft:slime":30,"minecraft:skeleton":1,"minecraft:silverfish":19,"minecraft:creeper":1,"minecraft:zombie":60,"minecraft:stray":107,"minecraft:breeze":16,"minecraft:cow":1},"minecraft:picked_up":{"minecraft:lingering_potion":1,"minecraft:waxed_oxidized_cut_copper":3,"minecraft:iron_chestplate":1,"minecraft:crafting_table":9,"minecraft:ominous_bottle":2,"minecraft:flower_pot":1,"minecraft:diamond_sword":1,"minecraft:wooden_pickaxe":1,"minecraft:potion":5,"minecraft:gold_block":1,"minecraft:enchanted_book":2,"minecraft:brick":99,"minecraft:amethyst_block":5,"minecraft:wind_charge":42,"minecraft:iron_axe":1,"minecraft:string":59,"minecraft:cobbled_deepslate":80,"minecraft:beef":3,"minecraft:chiseled_tuff":2,"minecraft:trial_key":21,"minecraft:waxed_oxidized_copper_door":1,"minecraft:oak_boat":2,"minecraft:calcite":2,"minecraft:guster_pottery_sherd":3,"minecraft:waxed_oxidized_copper":7,"minecraft:furnace":6,"minecraft:tipped_arrow":95,"minecraft:stick":11,"minecraft:raw_iron":40,"minecraft:oak_door":7,"minecraft:waxed_weathered_copper_bulb":2,"minecraft:waxed_copper_grate":19,"minecraft:waxed_oxidized_chiseled_copper":1,"minecraft:rotten_flesh":65,"minecraft:honey_bottle":6,"minecraft:arrow":238,"minecraft:diamond_chestplate":1,"minecraft:decorated_pot":13,"minecraft:flow_armor_trim_smithing_template":1,"minecraft:tuff_bricks":46,"minecraft:cobblestone":156,"minecraft:golden_carrot":3,"minecraft:leather":2,"minecraft:waxed_copper_bulb":2,"minecraft:flint":2,"minecraft:tuff":3,"minecraft:oak_log":14,"minecraft:waxed_copper_block":11,"minecraft:gunpowder":1,"minecraft:dirt":17,"minecraft:lapis_lazuli":15,"minecraft:bone":106,"minecraft:apple":2,"minecraft:bow":13,"minecraft:wheat_seeds":4,"minecraft:raw_gold":4,"minecraft:stone_pickaxe":1,"minecraft:iron_ingot":45,"minecraft:cooked_chicken":5,"minecraft:bolt_armor_trim_smithing_template":2,"minecraft:glass_bottle":7,"minecraft:oak_planks":26,"minecraft:smooth_basalt":2,"minecraft:waxed_exposed_copper_bulb":2,"minecraft:gravel":11,"minecraft:dead_bush":1,"minecraft:polished_tuff":1,"minecraft:spider_eye":15,"minecraft:slime_ball":30,"minecraft:diamond":9,"minecraft:stone_axe":1,"minecraft:waxed_oxidized_copper_grate":4,"minecraft:granite":4,"minecraft:crossbow":3,"minecraft:breeze_rod":24,"minecraft:emerald":64,"minecraft:bread":1,"minecraft:baked_potato":22,"minecraft:oak_sapling":5,"minecraft:ominous_trial_key":1,"minecraft:coal":44,"minecraft:chiseled_tuff_bricks":4},"minecraft:killed_by":{"minecraft:zombie":1},"minecraft:mined":{"minecraft:tuff":6,"minecraft:deepslate_diamond_ore":5,"minecraft:oak_door":7,"minecraft:sculk_vein":5,"minecraft:waxed_oxidized_chiseled_copper":1,"minecraft:granite":4,"minecraft:potted_dead_bush":1,"minecraft:grass_block":7,"minecraft:decorated_pot":39,"minecraft:chiseled_tuff_bricks":3,"minecraft:tuff_bricks":60,"minecraft:waxed_oxidized_cut_copper":4,"minecraft:furnace":6,"minecraft:waxed_copper_grate":26,"minecraft:iron_ore":34,"minecraft:cobbled_deepslate":11,"minecraft:polished_tuff":2,"minecraft:gold_block":1,"minecraft:chiseled_tuff":2,"minecraft:deepslate_iron_ore":6,"minecraft:waxed_weathered_copper_bulb":4,"minecraft:stone":102,"minecraft:waxed_exposed_copper_bulb":1,"minecraft:crafting_table":8,"minecraft:cornflower":1,"minecraft:short_grass":15,"minecraft:calcite":2,"minecraft:waxed_copper_door":1,"minecraft:tall_grass":4,"minecraft:cobblestone":4,"minecraft:deepslate_gold_ore":4,"minecraft:lapis_ore":2,"minecraft:oak_planks":9,"minecraft:amethyst_block":5,"minecraft:waxed_copper_bulb":2,"minecraft:waxed_oxidized_copper_grate":7,"minecraft:waxed_copper_block":12,"minecraft:oak_log":13,"minecraft:coal_ore":25,"minecraft:waxed_oxidized_copper":6,"minecraft:waxed_oxidized_copper_door":1,"minecraft:gravel":4,"minecraft:dirt":5,"minecraft:cobweb":9,"minecraft:smooth_basalt":2,"minecraft:oak_leaves":6,"minecraft:deepslate":48},"minecraft:broken":{"minecraft:golden_helmet":1,"minecraft:iron_boots":1,"minecraft:shield":1,"minecraft:bow":1},"minecraft:custom":{"minecraft:mob_kills":288,"minecraft:interact_with_crafting_table":31,"minecraft:open_barrel":31,"minecraft:eat_cake_slice":7,"minecraft:leave_game":6,"minecraft:time_since_death":142419,"minecraft:climb_one_cm":14010,"minecraft:sprint_one_cm":500760,"minecraft:walk_one_cm":326925,"minecraft:damage_blocked_by_shield":9245,"minecraft:drop":113,"minecraft:play_time":150991,"minecraft:deaths":1,"minecraft:sneak_time":9457,"minecraft:walk_under_water_one_cm":27033,"minecraft:boat_one_cm":1476,"minecraft:jump":3749,"minecraft:walk_on_water_one_cm":147670,"minecraft:total_world_time":150991,"minecraft:interact_with_furnace":49,"minecraft:sleep_in_bed":2,"minecraft:time_since_rest":122377,"minecraft:damage_taken":4486,"minecraft:damage_absorbed":41,"minecraft:damage_dealt":35874,"minecraft:swim_one_cm":54311,"minecraft:fly_one_cm":579884,"minecraft:open_chest":43,"minecraft:crouch_one_cm":25098,"minecraft:fall_one_cm":74042,"minecraft:inspect_dispenser":60},"minecraft:dropped":{"minecraft:waxed_oxidized_copper_door":1,"minecraft:iron_sword":1,"minecraft:lapis_lazuli":15,"minecraft:glass_bottle":16,"minecraft:decorated_pot":5,"minecraft:iron_helmet":1,"minecraft:cobblestone":9,"minecraft:waxed_copper_grate":8,"minecraft:polished_tuff":1,"minecraft:leather":2,"minecraft:amethyst_block":5,"minecraft:honeycomb":5,"minecraft:granite":4,"minecraft:coal":3,"minecraft:stick":5,"minecraft:flint":4,"minecraft:gold_block":1,"minecraft:dirt":3,"minecraft:waxed_oxidized_chiseled_copper":1,"minecraft:wooden_axe":1,"minecraft:waxed_copper_bulb":1,"minecraft:waxed_oxidized_copper":4,"minecraft:iron_leggings":1,"minecraft:dead_bush":1,"minecraft:string":3,"minecraft:bucket":1,"minecraft:smooth_basalt":2,"minecraft:oak_door":3,"minecraft:bricks":13,"minecraft:stone_axe":1,"minecraft:tuff_bricks":21,"minecraft:chiseled_tuff_bricks":1,"minecraft:cobbled_deepslate":41,"minecraft:tuff":2,"minecraft:raw_iron":10,"minecraft:oak_planks":1,"minecraft:iron_boots":1,"minecraft:golden_shovel":1,"minecraft:waxed_copper_block":6,"minecraft:wind_charge":24,"minecraft:diamond_sword":1,"minecraft:flower_pot":1,"minecraft:iron_chestplate":2,"minecraft:lingering_potion":2,"minecraft:waxed_oxidized_cut_copper":3,"minecraft:oak_sapling":5,"minecraft:spider_eye":7,"minecraft:waxed_exposed_copper_bulb":2,"minecraft:chiseled_tuff":2,"minecraft:bow":3,"minecraft:arrow":27,"minecraft:wooden_pickaxe":1,"minecraft:raw_gold":1,"minecraft:calcite":2,"minecraft:brick":47},"minecraft:used":{"minecraft:tuff_bricks":16,"minecraft:decorated_pot":8,"minecraft:shield":375,"minecraft:iron_sword":247,"minecraft:cooked_chicken":5,"minecraft:rotten_flesh":65,"minecraft:trial_key":16,"minecraft:oak_door":7,"minecraft:dirt":7,"minecraft:waxed_copper_grate":11,"minecraft:honey_bottle":12,"minecraft:waxed_oxidized_copper":1,"minecraft:waxed_oxidized_copper_grate":4,"minecraft:iron_axe":5,"minecraft:iron_helmet":1,"minecraft:golden_carrot":2,"minecraft:bow":23,"minecraft:ominous_bottle":2,"minecraft:furnace":6,"minecraft:cooked_beef":3,"minecraft:cobbled_deepslate":3,"minecraft:water_bucket":64,"minecraft:waxed_weathered_copper_bulb":2,"minecraft:stone_pickaxe":75,"minecraft:baked_potato":35,"minecraft:oak_planks":17,"minecraft:wooden_pickaxe":22,"minecraft:golden_apple":1,"minecraft:crafting_table":9,"minecraft:crossbow":135,"minecraft:lingering_potion":3,"minecraft:cake":1,"minecraft:diamond_pickaxe":176,"minecraft:apple":1,"minecraft:ominous_trial_key":1,"minecraft:wind_charge":15,"minecraft:bread":1,"minecraft:iron_pickaxe":129,"minecraft:gravel":7,"minecraft:stone_axe":24,"minecraft:chiseled_tuff_bricks":3,"minecraft:diamond_sword":380,"minecraft:cobblestone":67,"minecraft:potion":5,"minecraft:bucket":63,"minecraft:oak_boat":1},"minecraft:crafted":{"minecraft:oak_door":3,"minecraft:oak_planks":52,"minecraft:wind_charge":12,"minecraft:furnace":3,"minecraft:diamond_helmet":1,"minecraft:bow":4,"minecraft:iron_boots":2,"minecraft:stone_pickaxe":1,"minecraft:bricks":13,"minecraft:cooked_beef":3,"minecraft:diamond_sword":1,"minecraft:crafting_table":1,"minecraft:wooden_pickaxe":1,"minecraft:iron_helmet":1,"minecraft:iron_sword":1,"minecraft:bucket":1,"minecraft:stone_axe":1,"minecraft:air":0,"minecraft:oak_boat":1,"minecraft:iron_chestplate":1,"minecraft:diamond_pickaxe":1,"minecraft:shield":3,"minecraft:stick":16,"minecraft:iron_ingot":37,"minecraft:iron_pickaxe":1,"minecraft:iron_leggings":2}},"DataVersion":3953}