{"stats":{"minecraft:killed":{"minecraft:witch":1,"minecraft:spider":58,"minecraft:slime":30,"minecraft:skeleton":3,"minecraft:silverfish":41,"minecraft:creeper":1,"minecraft:zombie":69,"minecraft:stray":120,"minecraft:breeze":20,"minecraft:cow":1},"minecraft:picked_up":{"minecraft:lingering_potion":1,"minecraft:iron_chestplate":1,"minecraft:waxed_oxidized_cut_copper":3,"minecraft:crafting_table":10,"minecraft:ominous_bottle":3,"minecraft:chicken":1,"minecraft:flower_pot":1,"minecraft:anvil":1,"minecraft:diamond_sword":1,"minecraft:wooden_pickaxe":1,"minecraft:enchanted_book":5,"minecraft:gold_block":1,"minecraft:potion":6,"minecraft:brick":99,"minecraft:wind_charge":50,"minecraft:amethyst_block":5,"minecraft:string":81,"minecraft:iron_axe":1,"minecraft:cooked_salmon":3,"minecraft:cobbled_deepslate":111,"minecraft:beef":3,"minecraft:trial_key":24,"minecraft:oak_boat":2,"minecraft:waxed_oxidized_copper_door":1,"minecraft:chiseled_tuff":2,"minecraft:calcite":2,"minecraft:iron_nugget":8,"minecraft:enchanted_golden_apple":1,"minecraft:guster_pottery_sherd":3,"minecraft:waxed_oxidized_copper":7,"minecraft:furnace":8,"minecraft:tipped_arrow":111,"minecraft:stick":11,"minecraft:raw_iron":41,"minecraft:oak_door":7,"minecraft:waxed_weathered_copper_bulb":2,"minecraft:waxed_copper_grate":19,"minecraft:waxed_oxidized_chiseled_copper":1,"minecraft:diamond_chestplate":1,"minecraft:honey_bottle":6,"minecraft:arrow":255,"minecraft:rotten_flesh":72,"minecraft:cooked_cod":6,"minecraft:decorated_pot":13,"minecraft:flow_armor_trim_smithing_template":1,"minecraft:tuff_bricks":46,"minecraft:cobblestone":157,"minecraft:feather":9,"minecraft:cooked_beef":1,"minecraft:golden_carrot":5,"minecraft:leather":2,"minecraft:birch_planks":62,"minecraft:flint":2,"minecraft:waxed_copper_bulb":2,"minecraft:tuff":15,"minecraft:oak_log":14,"minecraft:waxed_copper_block":11,"minecraft:gunpowder":1,"minecraft:dirt":17,"minecraft:lapis_lazuli":15,"minecraft:bone":119,"minecraft:apple":2,"minecraft:bow":14,"minecraft:wheat_seeds":4,"minecraft:raw_gold":4,"minecraft:iron_ingot":49,"minecraft:stone_pickaxe":1,"minecraft:cooked_chicken":7,"minecraft:bolt_armor_trim_smithing_template":2,"minecraft:guster_banner_pattern":2,"minecraft:glass_bottle":9,"minecraft:oak_planks":26,"minecraft:smooth_basalt":2,"minecraft:heavy_core":1,"minecraft:waxed_exposed_copper_bulb":2,"minecraft:gravel":11,"minecraft:dead_bush":1,"minecraft:polished_tuff":1,"minecraft:spider_eye":20,"minecraft:slime_ball":30,"minecraft:diamond":19,"minecraft:stone_axe":1,"minecraft:waxed_oxidized_copper_grate":4,"minecraft:granite":4,"minecraft:crossbow":3,"minecraft:breeze_rod":29,"minecraft:emerald":90,"minecraft:bread":4,"minecraft:baked_potato":22,"minecraft:oak_sapling":5,"minecraft:coal":44,"minecraft:ominous_trial_key":3,"minecraft:chiseled_tuff_bricks":4},"minecraft:killed_by":{"minecraft:zombie":1},"minecraft:mined":{"minecraft:tuff":18,"minecraft:deepslate_diamond_ore":9,"minecraft:oak_door":7,"minecraft:sculk_vein":7,"minecraft:waxed_oxidized_chiseled_copper":1,"minecraft:potted_dead_bush":1,"minecraft:granite":4,"minecraft:grass_block":7,"minecraft:decorated_pot":39,"minecraft:chiseled_tuff_bricks":3,"minecraft:tuff_bricks":60,"minecraft:waxed_oxidized_cut_copper":4,"minecraft:furnace":8,"minecraft:waxed_copper_grate":26,"minecraft:iron_ore":34,"minecraft:cobbled_deepslate":16,"minecraft:polished_tuff":2,"minecraft:anvil":1,"minecraft:gold_block":1,"minecraft:chiseled_tuff":2,"minecraft:deepslate_iron_ore":7,"minecraft:waxed_weathered_copper_bulb":4,"minecraft:stone":102,"minecraft:waxed_exposed_copper_bulb":1,"minecraft:crafting_table":9,"minecraft:cornflower":1,"minecraft:short_grass":15,"minecraft:calcite":2,"minecraft:waxed_copper_door":1,"minecraft:sculk_sensor":1,"minecraft:tall_grass":4,"minecraft:cobblestone":6,"minecraft:deepslate_gold_ore":4,"minecraft:lapis_ore":2,"minecraft:oak_planks":9,"minecraft:sculk":10,"minecraft:amethyst_block":5,"minecraft:waxed_copper_bulb":2,"minecraft:waxed_oxidized_copper_grate":7,"minecraft:waxed_copper_block":12,"minecraft:coal_ore":25,"minecraft:oak_log":13,"minecraft:waxed_oxidized_copper":6,"minecraft:waxed_oxidized_copper_door":1,"minecraft:gravel":4,"minecraft:dirt":5,"minecraft:cobweb":9,"minecraft:smooth_basalt":2,"minecraft:oak_leaves":6,"minecraft:deepslate":71},"minecraft:broken":{"minecraft:golden_helmet":1,"minecraft:iron_boots":1,"minecraft:iron_leggings":1,"minecraft:shield":1,"minecraft:bow":1},"minecraft:custom":{"minecraft:mob_kills":355,"minecraft:interact_with_anvil":4,"minecraft:interact_with_crafting_table":39,"minecraft:open_barrel":31,"minecraft:eat_cake_slice":7,"minecraft:leave_game":8,"minecraft:time_since_death":177598,"minecraft:climb_one_cm":15471,"minecraft:sprint_one_cm":581271,"minecraft:walk_one_cm":392335,"minecraft:damage_blocked_by_shield":10470,"minecraft:drop":154,"minecraft:play_time":186170,"minecraft:deaths":1,"minecraft:sneak_time":12064,"minecraft:walk_under_water_one_cm":40096,"minecraft:boat_one_cm":1476,"minecraft:jump":4482,"minecraft:walk_on_water_one_cm":211992,"minecraft:total_world_time":186170,"minecraft:interact_with_furnace":63,"minecraft:sleep_in_bed":2,"minecraft:time_since_rest":157556,"minecraft:damage_taken":5616,"minecraft:damage_absorbed":41,"minecraft:damage_dealt":42583,"minecraft:swim_one_cm":57786,"minecraft:fly_one_cm":696556,"minecraft:open_chest":53,"minecraft:crouch_one_cm":31385,"minecraft:fall_one_cm":93381,"minecraft:inspect_dispenser":60},"minecraft:used":{"minecraft:tuff_bricks":16,"minecraft:decorated_pot":8,"minecraft:shield":428,"minecraft:iron_sword":247,"minecraft:cooked_salmon":2,"minecraft:cooked_chicken":6,"minecraft:rotten_flesh":71,"minecraft:trial_key":18,"minecraft:oak_door":7,"minecraft:dirt":7,"minecraft:anvil":1,"minecraft:waxed_copper_grate":11,"minecraft:honey_bottle":12,"minecraft:waxed_oxidized_copper":1,"minecraft:waxed_oxidized_copper_grate":4,"minecraft:iron_axe":18,"minecraft:iron_helmet":1,"minecraft:golden_carrot":5,"minecraft:bow":23,"minecraft:ominous_bottle":2,"minecraft:furnace":7,"minecraft:cooked_cod":2,"minecraft:cooked_beef":4,"minecraft:cobbled_deepslate":24,"minecraft:water_bucket":77,"minecraft:waxed_weathered_copper_bulb":2,"minecraft:stone_pickaxe":75,"minecraft:oak_planks":17,"minecraft:baked_potato":40,"minecraft:wooden_pickaxe":22,"minecraft:golden_apple":1,"minecraft:crafting_table":10,"minecraft:crossbow":191,"minecraft:lingering_potion":3,"minecraft:cake":1,"minecraft:diamond_pickaxe":237,"minecraft:apple":1,"minecraft:ominous_trial_key":3,"minecraft:mace":1,"minecraft:wind_charge":15,"minecraft:bread":2,"minecraft:iron_pickaxe":129,"minecraft:gravel":7,"minecraft:stone_axe":24,"minecraft:chiseled_tuff_bricks":3,"minecraft:diamond_sword":483,"minecraft:potion":5,"minecraft:cobblestone":67,"minecraft:bucket":76,"minecraft:oak_boat":1},"minecraft:dropped":{"minecraft:guster_pottery_sherd":3,"minecraft:bread":2,"minecraft:enchanted_book":2,"minecraft:iron_sword":1,"minecraft:waxed_oxidized_copper_door":1,"minecraft:lapis_lazuli":15,"minecraft:glass_bottle":20,"minecraft:feather":9,"minecraft:decorated_pot":5,"minecraft:crossbow":1,"minecraft:cobblestone":10,"minecraft:iron_helmet":1,"minecraft:waxed_copper_grate":8,"minecraft:polished_tuff":1,"minecraft:amethyst_block":5,"minecraft:leather":2,"minecraft:honeycomb":5,"minecraft:granite":4,"minecraft:coal":60,"minecraft:flow_armor_trim_smithing_template":1,"minecraft:emerald":3,"minecraft:stick":5,"minecraft:flint":4,"minecraft:gold_block":1,"minecraft:dirt":3,"minecraft:waxed_oxidized_chiseled_copper":1,"minecraft:torch":5,"minecraft:wooden_axe":1,"minecraft:waxed_copper_bulb":1,"minecraft:cooked_salmon":1,"minecraft:waxed_oxidized_copper":4,"minecraft:dead_bush":1,"minecraft:iron_leggings":1,"minecraft:bolt_armor_trim_smithing_template":2,"minecraft:iron_pickaxe":1,"minecraft:string":17,"minecraft:bucket":1,"minecraft:smooth_basalt":2,"minecraft:bone":52,"minecraft:oak_door":3,"minecraft:bricks":13,"minecraft:stone_axe":1,"minecraft:tuff_bricks":21,"minecraft:iron_nugget":8,"minecraft:cooked_chicken":1,"minecraft:cobbled_deepslate":41,"minecraft:chiseled_tuff_bricks":1,"minecraft:tuff":2,"minecraft:guster_banner_pattern":1,"minecraft:raw_iron":11,"minecraft:chicken":1,"minecraft:oak_planks":1,"minecraft:iron_boots":1,"minecraft:golden_shovel":1,"minecraft:waxed_copper_block":7,"minecraft:wind_charge":52,"minecraft:diamond_sword":1,"minecraft:flower_pot":1,"minecraft:shield":1,"minecraft:trial_key":3,"minecraft:iron_chestplate":2,"minecraft:lingering_potion":2,"minecraft:waxed_oxidized_cut_copper":3,"minecraft:oak_sapling":5,"minecraft:spider_eye":12,"minecraft:arrow":105,"minecraft:chiseled_tuff":2,"minecraft:bow":7,"minecraft:waxed_exposed_copper_bulb":2,"minecraft:wooden_pickaxe":1,"minecraft:raw_gold":1,"minecraft:calcite":2,"minecraft:brick":47},"minecraft:crafted":{"minecraft:oak_door":3,"minecraft:oak_planks":52,"minecraft:wind_charge":12,"minecraft:furnace":3,"minecraft:mace":1,"minecraft:diamond_helmet":1,"minecraft:bow":4,"minecraft:iron_boots":3,"minecraft:stone_pickaxe":1,"minecraft:bricks":13,"minecraft:cooked_beef":3,"minecraft:diamond_sword":1,"minecraft:crafting_table":1,"minecraft:wooden_pickaxe":1,"minecraft:iron_helmet":1,"minecraft:iron_sword":1,"minecraft:bucket":1,"minecraft:stone_axe":1,"minecraft:air":0,"minecraft:oak_boat":1,"minecraft:iron_chestplate":1,"minecraft:diamond_pickaxe":1,"minecraft:emerald_block":10,"minecraft:shield":3,"minecraft:stick":16,"minecraft:iron_ingot":60,"minecraft:iron_pickaxe":1,"minecraft:iron_block":3,"minecraft:iron_leggings":3,"minecraft:anvil":1}},"DataVersion":3953}