{"stats":{"minecraft:killed_by":{"minecraft:zombie":1},"minecraft:mined":{"minecraft:sculk_vein":8,"minecraft:potted_dead_bush":1,"minecraft:granite":4,"minecraft:grass_block":8,"minecraft:chiseled_tuff_bricks":3,"minecraft:tuff_bricks":78,"minecraft:raw_iron_block":4,"minecraft:iron_ore":34,"minecraft:cobbled_deepslate":20,"minecraft:polished_tuff":2,"minecraft:anvil":1,"minecraft:smoker":4,"minecraft:blast_furnace":2,"minecraft:calcite":2,"minecraft:cobblestone":6,"minecraft:oak_planks":9,"minecraft:amethyst_block":5,"minecraft:waxed_copper_bulb":2,"minecraft:waxed_copper_block":13,"minecraft:oak_log":73,"minecraft:waxed_oxidized_copper":6,"minecraft:waxed_oxidized_copper_door":1,"minecraft:dirt":8,"minecraft:smooth_basalt":4,"minecraft:oak_leaves":20,"minecraft:deepslate":125,"minecraft:tuff":36,"minecraft:deepslate_diamond_ore":44,"minecraft:oak_door":7,"minecraft:waxed_oxidized_chiseled_copper":1,"minecraft:decorated_pot":39,"minecraft:waxed_oxidized_cut_copper":4,"minecraft:furnace":13,"minecraft:waxed_copper_grate":26,"minecraft:gold_block":1,"minecraft:chiseled_tuff":2,"minecraft:deepslate_iron_ore":77,"minecraft:waxed_weathered_copper_bulb":4,"minecraft:stone":160,"minecraft:waxed_exposed_copper_bulb":1,"minecraft:crafting_table":14,"minecraft:cornflower":1,"minecraft:short_grass":26,"minecraft:waxed_copper_door":1,"minecraft:sculk_sensor":1,"minecraft:tall_grass":6,"minecraft:deepslate_gold_ore":44,"minecraft:lapis_ore":2,"minecraft:sculk":19,"minecraft:purple_bed":2,"minecraft:waxed_oxidized_copper_grate":7,"minecraft:coal_ore":76,"minecraft:gravel":4,"minecraft:cobweb":9},"minecraft:dropped":{"minecraft:guster_pottery_sherd":3,"minecraft:iron_sword":1,"minecraft:ominous_bottle":1,"minecraft:lapis_lazuli":15,"minecraft:glass_bottle":20,"minecraft:decorated_pot":5,"minecraft:crossbow":1,"minecraft:leather":2,"minecraft:honeycomb":5,"minecraft:flint":4,"minecraft:emerald":3,"minecraft:gold_block":1,"minecraft:dirt":3,"minecraft:waxed_oxidized_chiseled_copper":1,"minecraft:bolt_armor_trim_smithing_template":2,"minecraft:iron_pickaxe":1,"minecraft:birch_log":1,"minecraft:white_wool":1,"minecraft:bone":133,"minecraft:oak_door":3,"minecraft:stone_axe":1,"minecraft:iron_nugget":8,"minecraft:cooked_chicken":1,"minecraft:chiseled_tuff_bricks":1,"minecraft:cobbled_deepslate":58,"minecraft:birch_sapling":1,"minecraft:rotten_flesh":1,"minecraft:oak_planks":1,"minecraft:golden_shovel":1,"minecraft:waxed_copper_block":7,"minecraft:wind_charge":52,"minecraft:lingering_potion":2,"minecraft:chiseled_tuff":2,"minecraft:arrow":106,"minecraft:enchanted_book":2,"minecraft:bread":2,"minecraft:waxed_oxidized_copper_door":1,"minecraft:wheat_seeds":1,"minecraft:clock":1,"minecraft:iron_helmet":1,"minecraft:feather":9,"minecraft:cobblestone":10,"minecraft:waxed_copper_grate":8,"minecraft:polished_tuff":1,"minecraft:amethyst_block":5,"minecraft:granite":4,"minecraft:grass_block":1,"minecraft:coal":65,"minecraft:flow_armor_trim_smithing_template":1,"minecraft:stick":5,"minecraft:torch":5,"minecraft:wooden_axe":1,"minecraft:waxed_copper_bulb":1,"minecraft:cooked_salmon":1,"minecraft:waxed_oxidized_copper":4,"minecraft:iron_leggings":2,"minecraft:dead_bush":1,"minecraft:iron_axe":1,"minecraft:string":22,"minecraft:bucket":1,"minecraft:smooth_basalt":2,"minecraft:bricks":13,"minecraft:tuff_bricks":41,"minecraft:tuff":18,"minecraft:guster_banner_pattern":2,"minecraft:raw_iron":11,"minecraft:chicken":1,"minecraft:iron_boots":2,"minecraft:diamond_sword":1,"minecraft:stone":5,"minecraft:shield":2,"minecraft:flower_pot":1,"minecraft:trial_key":6,"minecraft:diamond_chestplate":1,"minecraft:iron_chestplate":2,"minecraft:oak_sapling":7,"minecraft:waxed_oxidized_cut_copper":3,"minecraft:spider_eye":12,"minecraft:bow":7,"minecraft:wooden_pickaxe":1,"minecraft:waxed_exposed_copper_bulb":2,"minecraft:raw_gold":1,"minecraft:calcite":2,"minecraft:brick":47},"minecraft:custom":{"minecraft:interact_with_crafting_table":74,"minecraft:open_barrel":31,"minecraft:eat_cake_slice":7,"minecraft:leave_game":12,"minecraft:time_since_death":245599,"minecraft:sprint_one_cm":798548,"minecraft:damage_blocked_by_shield":11266,"minecraft:drop":187,"minecraft:play_time":254171,"minecraft:deaths":1,"minecraft:jump":6354,"minecraft:walk_on_water_one_cm":220316,"minecraft:interact_with_furnace":201,"minecraft:sleep_in_bed":3,"minecraft:damage_dealt":50565,"minecraft:crouch_one_cm":41298,"minecraft:interact_with_smoker":32,"minecraft:inspect_dispenser":60,"minecraft:interact_with_anvil":4,"minecraft:mob_kills":409,"minecraft:climb_one_cm":15471,"minecraft:walk_one_cm":548803,"minecraft:sneak_time":16594,"minecraft:walk_under_water_one_cm":42904,"minecraft:boat_one_cm":1476,"minecraft:interact_with_blast_furnace":10,"minecraft:total_world_time":254171,"minecraft:time_since_rest":35388,"minecraft:damage_taken":6451,"minecraft:damage_absorbed":41,"minecraft:fly_one_cm":977022,"minecraft:swim_one_cm":75789,"minecraft:open_chest":53,"minecraft:fall_one_cm":138090},"minecraft:crafted":{"minecraft:smooth_stone":15,"minecraft:oak_planks":52,"minecraft:cooked_chicken":9,"minecraft:stone":20,"minecraft:cooked_mutton":2,"minecraft:mace":1,"minecraft:diamond_helmet":2,"minecraft:bow":4,"minecraft:diamond_leggings":1,"minecraft:iron_boots":3,"minecraft:bricks":13,"minecraft:raw_iron_block":9,"minecraft:smoker":3,"minecraft:cooked_porkchop":37,"minecraft:crafting_table":3,"minecraft:wooden_pickaxe":1,"minecraft:iron_helmet":1,"minecraft:gold_block":6,"minecraft:iron_chestplate":1,"minecraft:diamond_pickaxe":1,"minecraft:emerald_block":10,"minecraft:shield":4,"minecraft:stick":16,"minecraft:iron_ingot":254,"minecraft:iron_pickaxe":1,"minecraft:iron_block":23,"minecraft:gold_ingot":54,"minecraft:oak_door":3,"minecraft:raw_iron":108,"minecraft:wind_charge":12,"minecraft:furnace":7,"minecraft:blast_furnace":5,"minecraft:stone_pickaxe":1,"minecraft:diamond_boots":1,"minecraft:cooked_beef":3,"minecraft:diamond_sword":1,"minecraft:iron_sword":1,"minecraft:bucket":1,"minecraft:stone_axe":1,"minecraft:air":0,"minecraft:oak_boat":1,"minecraft:iron_leggings":3,"minecraft:anvil":1,"minecraft:diamond_chestplate":1},"minecraft:picked_up":{"minecraft:iron_chestplate":1,"minecraft:flower_pot":1,"minecraft:anvil":1,"minecraft:diamond_sword":1,"minecraft:enchanted_book":5,"minecraft:potion":6,"minecraft:amethyst_block":5,"minecraft:string":86,"minecraft:cooked_salmon":3,"minecraft:cobbled_deepslate":168,"minecraft:trial_key":24,"minecraft:waxed_oxidized_copper_door":1,"minecraft:calcite":2,"minecraft:enchanted_golden_apple":1,"minecraft:furnace":13,"minecraft:tipped_arrow":113,"minecraft:stick":11,"minecraft:porkchop":37,"minecraft:waxed_weathered_copper_bulb":2,"minecraft:waxed_copper_grate":19,"minecraft:honey_bottle":6,"minecraft:rotten_flesh":78,"minecraft:cobblestone":213,"minecraft:birch_log":1,"minecraft:feather":9,"minecraft:cooked_beef":1,"minecraft:smoker":4,"minecraft:flint":2,"minecraft:tuff":22,"minecraft:lapis_lazuli":15,"minecraft:dirt":21,"minecraft:bone":142,"minecraft:bow":14,"minecraft:wheat_seeds":5,"minecraft:raw_gold":66,"minecraft:bolt_armor_trim_smithing_template":2,"minecraft:guster_banner_pattern":2,"minecraft:oak_planks":26,"minecraft:cooked_porkchop":1,"minecraft:grass_block":1,"minecraft:dead_bush":1,"minecraft:diamond":63,"minecraft:waxed_oxidized_copper_grate":4,"minecraft:granite":4,"minecraft:crossbow":3,"minecraft:breeze_rod":34,"minecraft:emerald":90,"minecraft:bread":4,"minecraft:oak_sapling":7,"minecraft:ominous_trial_key":3,"minecraft:lingering_potion":1,"minecraft:waxed_oxidized_cut_copper":3,"minecraft:crafting_table":15,"minecraft:ominous_bottle":4,"minecraft:chicken":10,"minecraft:wooden_pickaxe":1,"minecraft:gold_block":1,"minecraft:brick":99,"minecraft:wind_charge":50,"minecraft:iron_axe":2,"minecraft:beef":3,"minecraft:oak_boat":2,"minecraft:chiseled_tuff":2,"minecraft:iron_nugget":8,"minecraft:guster_pottery_sherd":3,"minecraft:birch_sapling":1,"minecraft:waxed_oxidized_copper":7,"minecraft:raw_iron":126,"minecraft:oak_door":7,"minecraft:waxed_oxidized_chiseled_copper":1,"minecraft:arrow":255,"minecraft:diamond_chestplate":1,"minecraft:cooked_cod":6,"minecraft:decorated_pot":13,"minecraft:flow_armor_trim_smithing_template":1,"minecraft:tuff_bricks":74,"minecraft:white_wool":1,"minecraft:golden_carrot":5,"minecraft:leather":2,"minecraft:birch_planks":64,"minecraft:waxed_copper_bulb":2,"minecraft:oak_log":74,"minecraft:waxed_copper_block":11,"minecraft:gunpowder":1,"minecraft:cooked_mutton":1,"minecraft:apple":2,"minecraft:iron_ingot":49,"minecraft:stone_pickaxe":1,"minecraft:cooked_chicken":10,"minecraft:glass_bottle":9,"minecraft:smooth_basalt":4,"minecraft:heavy_core":1,"minecraft:waxed_exposed_copper_bulb":2,"minecraft:raw_iron_block":3,"minecraft:gravel":11,"minecraft:blast_furnace":2,"minecraft:spider_eye":20,"minecraft:polished_tuff":1,"minecraft:purple_bed":2,"minecraft:slime_ball":30,"minecraft:stone_axe":1,"minecraft:baked_potato":24,"minecraft:chiseled_tuff_bricks":4,"minecraft:coal":115},"minecraft:killed":{"minecraft:witch":1,"minecraft:spider":62,"minecraft:skeleton":7,"minecraft:chicken":9,"minecraft:silverfish":41,"minecraft:pig":16,"minecraft:creeper":1,"minecraft:sheep":1,"minecraft:zombie":78,"minecraft:stray":127,"minecraft:cow":1,"minecraft:slime":30,"minecraft:breeze":23,"minecraft:enderman":1},"minecraft:broken":{"minecraft:golden_helmet":1,"minecraft:diamond_helmet":1,"minecraft:iron_boots":1,"minecraft:iron_leggings":1,"minecraft:bow":1,"minecraft:shield":1},"minecraft:used":{"minecraft:tuff_bricks":24,"minecraft:decorated_pot":8,"minecraft:shield":457,"minecraft:iron_sword":247,"minecraft:rotten_flesh":77,"minecraft:waxed_copper_grate":11,"minecraft:tuff":3,"minecraft:honey_bottle":12,"minecraft:waxed_oxidized_copper":1,"minecraft:waxed_oxidized_copper_grate":4,"minecraft:lava_bucket":1,"minecraft:iron_helmet":1,"minecraft:bow":23,"minecraft:ominous_bottle":2,"minecraft:furnace":12,"minecraft:cooked_cod":6,"minecraft:waxed_weathered_copper_bulb":2,"minecraft:stone_pickaxe":75,"minecraft:oak_planks":17,"minecraft:wooden_pickaxe":22,"minecraft:golden_apple":1,"minecraft:blast_furnace":2,"minecraft:crossbow":194,"minecraft:lingering_potion":3,"minecraft:mace":2,"minecraft:bread":2,"minecraft:gravel":7,"minecraft:chiseled_tuff_bricks":3,"minecraft:diamond_sword":615,"minecraft:oak_boat":1,"minecraft:cooked_salmon":2,"minecraft:cooked_chicken":12,"minecraft:trial_key":18,"minecraft:oak_door":7,"minecraft:dirt":11,"minecraft:anvil":1,"minecraft:diamond_helmet":1,"minecraft:iron_axe":93,"minecraft:smooth_basalt":2,"minecraft:diamond_chestplate":1,"minecraft:golden_carrot":5,"minecraft:cooked_beef":4,"minecraft:cobbled_deepslate":110,"minecraft:cooked_mutton":3,"minecraft:water_bucket":98,"minecraft:baked_potato":42,"minecraft:crafting_table":16,"minecraft:cake":1,"minecraft:smoker":4,"minecraft:diamond_pickaxe":611,"minecraft:apple":1,"minecraft:ominous_trial_key":3,"minecraft:wind_charge":15,"minecraft:iron_pickaxe":129,"minecraft:stone_axe":24,"minecraft:cobblestone":69,"minecraft:potion":5,"minecraft:purple_bed":1,"minecraft:cooked_porkchop":4,"minecraft:bucket":98,"minecraft:diamond_leggings":1}},"DataVersion":3953}