{"stats":{"minecraft:killed_by":{"minecraft:zombie":1},"minecraft:mined":{"minecraft:mossy_stone_brick_slab":1,"minecraft:cherry_log":96,"minecraft:sculk_vein":8,"minecraft:obsidian":12,"minecraft:granite":4,"minecraft:potted_dead_bush":1,"minecraft:grass_block":43,"minecraft:chiseled_tuff_bricks":3,"minecraft:tuff_bricks":78,"minecraft:magma_block":11,"minecraft:raw_iron_block":4,"minecraft:iron_ore":34,"minecraft:cobbled_deepslate":20,"minecraft:polished_tuff":2,"minecraft:anvil":1,"minecraft:iron_bars":2,"minecraft:oak_stairs":2,"minecraft:green_carpet":2,"minecraft:smoker":7,"minecraft:powder_snow":18,"minecraft:blast_furnace":7,"minecraft:calcite":2,"minecraft:poppy":1,"minecraft:cobblestone":24,"minecraft:oak_planks":26,"minecraft:amethyst_block":5,"minecraft:pink_petals":9,"minecraft:waxed_copper_bulb":2,"minecraft:birch_log":35,"minecraft:wheat":12,"minecraft:waxed_copper_block":13,"minecraft:smooth_stone_slab":1,"minecraft:oak_log":100,"minecraft:beetroots":1,"minecraft:waxed_oxidized_copper":6,"minecraft:waxed_oxidized_copper_door":1,"minecraft:dirt":19,"minecraft:smooth_basalt":4,"minecraft:netherrack":9,"minecraft:oak_leaves":32,"minecraft:deepslate":126,"minecraft:tuff":36,"minecraft:mossy_cobblestone":1,"minecraft:deepslate_diamond_ore":44,"minecraft:oak_door":7,"minecraft:waxed_oxidized_chiseled_copper":1,"minecraft:decorated_pot":39,"minecraft:cartography_table":1,"minecraft:hay_block":68,"minecraft:waxed_oxidized_cut_copper":4,"minecraft:furnace":15,"minecraft:carrots":8,"minecraft:waxed_copper_grate":26,"minecraft:gold_block":5,"minecraft:chiseled_tuff":2,"minecraft:potatoes":6,"minecraft:deepslate_iron_ore":77,"minecraft:waxed_weathered_copper_bulb":4,"minecraft:stone":183,"minecraft:waxed_exposed_copper_bulb":1,"minecraft:cherry_planks":25,"minecraft:basalt":1,"minecraft:stone_brick_slab":1,"minecraft:oak_fence":5,"minecraft:crafting_table":18,"minecraft:cornflower":1,"minecraft:short_grass":66,"minecraft:waxed_copper_door":1,"minecraft:sculk_sensor":1,"minecraft:tall_grass":16,"minecraft:deepslate_gold_ore":44,"minecraft:lapis_ore":2,"minecraft:sculk":19,"minecraft:bamboo_wall_sign":1,"minecraft:birch_planks":14,"minecraft:purple_bed":6,"minecraft:waxed_oxidized_copper_grate":7,"minecraft:birch_leaves":2,"minecraft:coal_ore":76,"minecraft:cherry_leaves":5,"minecraft:gravel":4,"minecraft:cobweb":9},"minecraft:dropped":{"minecraft:guster_pottery_sherd":3,"minecraft:iron_sword":2,"minecraft:birch_planks":3,"minecraft:oak_log":2,"minecraft:ominous_bottle":1,"minecraft:lapis_lazuli":15,"minecraft:oak_pressure_plate":1,"minecraft:glass_bottle":20,"minecraft:cooked_porkchop":29,"minecraft:decorated_pot":5,"minecraft:crossbow":1,"minecraft:leather":2,"minecraft:honeycomb":5,"minecraft:emerald":3,"minecraft:flint":4,"minecraft:gold_block":1,"minecraft:dirt":32,"minecraft:waxed_oxidized_chiseled_copper":1,"minecraft:cornflower":3,"minecraft:mutton":2,"minecraft:bolt_armor_trim_smithing_template":2,"minecraft:iron_pickaxe":1,"minecraft:birch_log":1,"minecraft:white_wool":2,"minecraft:bone":133,"minecraft:oak_door":3,"minecraft:stone_axe":1,"minecraft:iron_nugget":8,"minecraft:cooked_chicken":2,"minecraft:cobbled_deepslate":58,"minecraft:chiseled_tuff_bricks":1,"minecraft:birch_sapling":1,"minecraft:obsidian":2,"minecraft:rotten_flesh":15,"minecraft:oak_planks":6,"minecraft:mossy_stone_brick_slab":1,"minecraft:golden_shovel":1,"minecraft:waxed_copper_block":7,"minecraft:carrot":8,"minecraft:wind_charge":52,"minecraft:beetroot_seeds":1,"minecraft:lingering_potion":2,"minecraft:arrow":106,"minecraft:iron_bars":1,"minecraft:chiseled_tuff":2,"minecraft:cartography_table":1,"minecraft:enchanted_book":2,"minecraft:bread":7,"minecraft:waxed_oxidized_copper_door":1,"minecraft:wheat_seeds":18,"minecraft:clock":1,"minecraft:cherry_log":1,"minecraft:mossy_cobblestone":4,"minecraft:feather":13,"minecraft:oak_fence":1,"minecraft:iron_helmet":1,"minecraft:cobblestone":39,"minecraft:waxed_copper_grate":8,"minecraft:polished_tuff":1,"minecraft:amethyst_block":5,"minecraft:granite":4,"minecraft:grass_block":1,"minecraft:coal":65,"minecraft:golden_apple":1,"minecraft:flow_armor_trim_smithing_template":1,"minecraft:stick":5,"minecraft:torch":5,"minecraft:wooden_axe":1,"minecraft:cherry_planks":15,"minecraft:waxed_copper_bulb":1,"minecraft:cooked_salmon":1,"minecraft:map":1,"minecraft:waxed_oxidized_copper":4,"minecraft:dead_bush":1,"minecraft:iron_leggings":2,"minecraft:green_carpet":2,"minecraft:oak_stairs":2,"minecraft:iron_axe":1,"minecraft:paper":8,"minecraft:string":22,"minecraft:pink_petals":85,"minecraft:bucket":1,"minecraft:dandelion":3,"minecraft:smooth_basalt":2,"minecraft:bricks":13,"minecraft:tuff_bricks":41,"minecraft:raw_copper":18,"minecraft:tuff":18,"minecraft:guster_banner_pattern":2,"minecraft:raw_iron":11,"minecraft:chicken":1,"minecraft:iron_boots":3,"minecraft:diamond_sword":1,"minecraft:potato":6,"minecraft:hay_block":64,"minecraft:stone":5,"minecraft:shield":2,"minecraft:flower_pot":1,"minecraft:trial_key":6,"minecraft:diamond_chestplate":1,"minecraft:iron_chestplate":2,"minecraft:oak_sapling":7,"minecraft:waxed_oxidized_cut_copper":3,"minecraft:spider_eye":12,"minecraft:wooden_pickaxe":1,"minecraft:bow":7,"minecraft:stone_pickaxe":1,"minecraft:waxed_exposed_copper_bulb":2,"minecraft:raw_gold":1,"minecraft:calcite":2,"minecraft:magma_block":3,"minecraft:black_wool":1,"minecraft:brick":47},"minecraft:custom":{"minecraft:animals_bred":3,"minecraft:interact_with_crafting_table":83,"minecraft:open_barrel":31,"minecraft:eat_cake_slice":7,"minecraft:leave_game":19,"minecraft:time_since_death":383142,"minecraft:sprint_one_cm":1183281,"minecraft:damage_blocked_by_shield":13003,"minecraft:drop":244,"minecraft:play_time":391714,"minecraft:deaths":1,"minecraft:jump":9846,"minecraft:walk_on_water_one_cm":254919,"minecraft:interact_with_furnace":204,"minecraft:sleep_in_bed":7,"minecraft:damage_dealt":54913,"minecraft:player_kills":4,"minecraft:crouch_one_cm":102231,"minecraft:interact_with_smoker":34,"minecraft:inspect_dispenser":60,"minecraft:mob_kills":439,"minecraft:interact_with_anvil":7,"minecraft:climb_one_cm":17742,"minecraft:walk_one_cm":838597,"minecraft:sneak_time":34349,"minecraft:walk_under_water_one_cm":62525,"minecraft:boat_one_cm":1476,"minecraft:interact_with_blast_furnace":12,"minecraft:total_world_time":391714,"minecraft:interact_with_grindstone":1,"minecraft:time_since_rest":10408,"minecraft:damage_taken":8043,"minecraft:damage_absorbed":41,"minecraft:swim_one_cm":152056,"minecraft:fly_one_cm":1655217,"minecraft:open_chest":103,"minecraft:fall_one_cm":240256},"minecraft:crafted":{"minecraft:smooth_stone":15,"minecraft:oak_planks":344,"minecraft:oak_sign":3,"minecraft:cooked_chicken":10,"minecraft:stone":20,"minecraft:diamond_shovel":1,"minecraft:cooked_mutton":2,"minecraft:mace":1,"minecraft:diamond_helmet":2,"minecraft:diamond_leggings":1,"minecraft:bow":4,"minecraft:iron_boots":3,"minecraft:chest":2,"minecraft:bricks":13,"minecraft:raw_iron_block":9,"minecraft:smoker":3,"minecraft:cooked_porkchop":37,"minecraft:diamond_axe":1,"minecraft:crafting_table":5,"minecraft:wooden_pickaxe":1,"minecraft:iron_helmet":1,"minecraft:gold_block":6,"minecraft:birch_planks":140,"minecraft:iron_chestplate":1,"minecraft:diamond_pickaxe":1,"minecraft:emerald_block":10,"minecraft:shield":4,"minecraft:stick":36,"minecraft:iron_ingot":254,"minecraft:iron_pickaxe":1,"minecraft:iron_block":23,"minecraft:gold_ingot":54,"minecraft:cherry_planks":360,"minecraft:oak_door":3,"minecraft:raw_iron":108,"minecraft:diamond_hoe":1,"minecraft:wind_charge":52,"minecraft:furnace":7,"minecraft:blast_furnace":5,"minecraft:stone_pickaxe":1,"minecraft:diamond_boots":1,"minecraft:cooked_beef":3,"minecraft:diamond_sword":1,"minecraft:iron_sword":1,"minecraft:bucket":1,"minecraft:stone_axe":1,"minecraft:air":0,"minecraft:oak_boat":1,"minecraft:iron_leggings":3,"minecraft:anvil":1,"minecraft:torch":52,"minecraft:diamond_chestplate":1},"minecraft:picked_up":{"minecraft:iron_chestplate":1,"minecraft:anvil":1,"minecraft:flower_pot":1,"minecraft:diamond_sword":1,"minecraft:oak_stairs":2,"minecraft:enchanted_book":5,"minecraft:potion":6,"minecraft:amethyst_block":5,"minecraft:string":86,"minecraft:raw_copper":18,"minecraft:cooked_salmon":3,"minecraft:cobbled_deepslate":168,"minecraft:trial_key":24,"minecraft:waxed_oxidized_copper_door":1,"minecraft:calcite":2,"minecraft:enchanted_golden_apple":1,"minecraft:furnace":15,"minecraft:tipped_arrow":113,"minecraft:stick":18,"minecraft:oak_fence":5,"minecraft:porkchop":37,"minecraft:cherry_log":122,"minecraft:waxed_weathered_copper_bulb":2,"minecraft:waxed_copper_grate":19,"minecraft:honey_bottle":6,"minecraft:rotten_flesh":92,"minecraft:obsidian":12,"minecraft:iron_bars":1,"minecraft:cobblestone":265,"minecraft:birch_log":36,"minecraft:pink_petals":85,"minecraft:magma_block":10,"minecraft:feather":13,"minecraft:cooked_beef":1,"minecraft:cherry_planks":17,"minecraft:smoker":7,"minecraft:potato":6,"minecraft:flint":2,"minecraft:tuff":22,"minecraft:lapis_lazuli":15,"minecraft:dirt":67,"minecraft:bone":143,"minecraft:bow":14,"minecraft:wheat_seeds":24,"minecraft:raw_gold":66,"minecraft:bolt_armor_trim_smithing_template":2,"minecraft:guster_banner_pattern":2,"minecraft:oak_planks":42,"minecraft:cooked_porkchop":30,"minecraft:oak_pressure_plate":1,"minecraft:grass_block":1,"minecraft:dead_bush":1,"minecraft:mossy_cobblestone":4,"minecraft:diamond":63,"minecraft:waxed_oxidized_copper_grate":4,"minecraft:breeze_rod":34,"minecraft:crossbow":3,"minecraft:granite":4,"minecraft:golden_apple":1,"minecraft:emerald":90,"minecraft:bread":4,"minecraft:oak_sapling":7,"minecraft:netherrack":6,"minecraft:ominous_trial_key":3,"minecraft:lingering_potion":1,"minecraft:waxed_oxidized_cut_copper":3,"minecraft:crafting_table":17,"minecraft:ominous_bottle":4,"minecraft:chicken":10,"minecraft:wooden_pickaxe":1,"minecraft:gold_block":5,"minecraft:brick":99,"minecraft:wind_charge":50,"minecraft:cornflower":3,"minecraft:iron_axe":2,"minecraft:cartography_table":1,"minecraft:beef":3,"minecraft:oak_boat":2,"minecraft:chiseled_tuff":2,"minecraft:iron_nugget":8,"minecraft:guster_pottery_sherd":3,"minecraft:birch_sapling":1,"minecraft:waxed_oxidized_copper":7,"minecraft:raw_iron":126,"minecraft:oak_door":7,"minecraft:carrot":8,"minecraft:waxed_oxidized_chiseled_copper":1,"minecraft:bamboo_sign":1,"minecraft:arrow":258,"minecraft:diamond_chestplate":1,"minecraft:cooked_cod":6,"minecraft:beetroot_seeds":1,"minecraft:decorated_pot":13,"minecraft:hay_block":128,"minecraft:flow_armor_trim_smithing_template":1,"minecraft:tuff_bricks":74,"minecraft:mutton":8,"minecraft:white_wool":2,"minecraft:golden_carrot":5,"minecraft:leather":2,"minecraft:birch_planks":78,"minecraft:waxed_copper_bulb":2,"minecraft:oak_log":101,"minecraft:waxed_copper_block":11,"minecraft:gunpowder":1,"minecraft:cooked_mutton":1,"minecraft:apple":2,"minecraft:iron_ingot":54,"minecraft:stone_pickaxe":2,"minecraft:cooked_chicken":10,"minecraft:glass_bottle":9,"minecraft:smooth_basalt":4,"minecraft:heavy_core":1,"minecraft:dandelion":3,"minecraft:waxed_exposed_copper_bulb":2,"minecraft:raw_iron_block":3,"minecraft:gravel":11,"minecraft:blast_furnace":7,"minecraft:polished_tuff":1,"minecraft:mossy_stone_brick_slab":1,"minecraft:green_carpet":2,"minecraft:spider_eye":20,"minecraft:purple_bed":6,"minecraft:slime_ball":30,"minecraft:stone_axe":1,"minecraft:cherry_sapling":8,"minecraft:baked_potato":24,"minecraft:black_wool":1,"minecraft:chiseled_tuff_bricks":4,"minecraft:coal":115},"minecraft:killed":{"minecraft:witch":1,"minecraft:spider":64,"minecraft:skeleton":13,"minecraft:chicken":9,"minecraft:silverfish":41,"minecraft:magma_cube":3,"minecraft:pig":16,"minecraft:iron_golem":1,"minecraft:creeper":3,"minecraft:sheep":2,"minecraft:zombie":87,"minecraft:stray":127,"minecraft:cow":1,"minecraft:slime":30,"minecraft:drowned":1,"minecraft:breeze":23,"minecraft:enderman":3},"minecraft:broken":{"minecraft:golden_helmet":1,"minecraft:diamond_helmet":1,"minecraft:iron_boots":1,"minecraft:iron_leggings":1,"minecraft:bow":1,"minecraft:shield":1,"minecraft:iron_axe":1},"minecraft:used":{"minecraft:tuff_bricks":24,"minecraft:cherry_sapling":8,"minecraft:oak_sign":3,"minecraft:bamboo_sign":1,"minecraft:diamond_hoe":77,"minecraft:decorated_pot":8,"minecraft:chest":2,"minecraft:shield":501,"minecraft:iron_sword":247,"minecraft:rotten_flesh":77,"minecraft:waxed_copper_grate":11,"minecraft:tuff":3,"minecraft:obsidian":8,"minecraft:honey_bottle":12,"minecraft:waxed_oxidized_copper":1,"minecraft:waxed_oxidized_copper_grate":4,"minecraft:lava_bucket":1,"minecraft:iron_helmet":1,"minecraft:magma_block":7,"minecraft:bow":34,"minecraft:ominous_bottle":2,"minecraft:furnace":14,"minecraft:cooked_cod":6,"minecraft:waxed_weathered_copper_bulb":2,"minecraft:stone_pickaxe":75,"minecraft:oak_planks":244,"minecraft:wooden_pickaxe":22,"minecraft:diamond_axe":86,"minecraft:golden_apple":1,"minecraft:blast_furnace":12,"minecraft:crossbow":213,"minecraft:lingering_potion":3,"minecraft:mace":7,"minecraft:bread":3,"minecraft:gravel":7,"minecraft:chiseled_tuff_bricks":3,"minecraft:diamond_sword":695,"minecraft:fire_charge":1,"minecraft:oak_boat":1,"minecraft:oak_fence":4,"minecraft:cooked_salmon":2,"minecraft:trial_key":18,"minecraft:cooked_chicken":18,"minecraft:netherrack":6,"minecraft:oak_door":7,"minecraft:torch":21,"minecraft:dirt":28,"minecraft:anvil":2,"minecraft:diamond_helmet":1,"minecraft:iron_axe":243,"minecraft:smooth_basalt":2,"minecraft:diamond_chestplate":1,"minecraft:golden_carrot":5,"minecraft:cooked_beef":4,"minecraft:cobbled_deepslate":110,"minecraft:cherry_log":5,"minecraft:powder_snow_bucket":2,"minecraft:cooked_mutton":3,"minecraft:water_bucket":256,"minecraft:birch_planks":177,"minecraft:baked_potato":42,"minecraft:cherry_planks":362,"minecraft:crafting_table":21,"minecraft:cake":1,"minecraft:smoker":10,"minecraft:diamond_pickaxe":707,"minecraft:apple":1,"minecraft:diamond_shovel":36,"minecraft:ominous_trial_key":3,"minecraft:wind_charge":55,"minecraft:iron_pickaxe":129,"minecraft:stone_axe":24,"minecraft:cobblestone":94,"minecraft:potion":5,"minecraft:purple_bed":6,"minecraft:cooked_porkchop":26,"minecraft:bucket":258,"minecraft:diamond_leggings":1}},"DataVersion":3953}