{"stats":{"minecraft:killed":{"minecraft:spider":44,"minecraft:slime":30,"minecraft:zombie":60,"minecraft:stray":76,"minecraft:breeze":16,"minecraft:cow":1},"minecraft:picked_up":{"minecraft:lingering_potion":1,"minecraft:iron_chestplate":1,"minecraft:crafting_table":9,"minecraft:ominous_bottle":2,"minecraft:flower_pot":1,"minecraft:diamond_sword":1,"minecraft:wooden_pickaxe":1,"minecraft:potion":5,"minecraft:gold_block":1,"minecraft:enchanted_book":1,"minecraft:brick":99,"minecraft:amethyst_block":5,"minecraft:wind_charge":42,"minecraft:iron_axe":1,"minecraft:string":59,"minecraft:cobbled_deepslate":43,"minecraft:beef":3,"minecraft:chiseled_tuff":1,"minecraft:trial_key":19,"minecraft:waxed_oxidized_copper_door":1,"minecraft:oak_boat":2,"minecraft:calcite":2,"minecraft:guster_pottery_sherd":3,"minecraft:waxed_oxidized_copper":6,"minecraft:furnace":6,"minecraft:tipped_arrow":68,"minecraft:stick":11,"minecraft:raw_iron":40,"minecraft:oak_door":7,"minecraft:waxed_weathered_copper_bulb":2,"minecraft:waxed_copper_grate":19,"minecraft:rotten_flesh":65,"minecraft:honey_bottle":6,"minecraft:arrow":196,"minecraft:diamond_chestplate":1,"minecraft:decorated_pot":13,"minecraft:tuff_bricks":22,"minecraft:cobblestone":155,"minecraft:golden_carrot":3,"minecraft:leather":2,"minecraft:waxed_copper_bulb":2,"minecraft:flint":2,"minecraft:tuff":2,"minecraft:oak_log":13,"minecraft:waxed_copper_block":5,"minecraft:dirt":17,"minecraft:lapis_lazuli":15,"minecraft:bone":75,"minecraft:apple":2,"minecraft:bow":7,"minecraft:wheat_seeds":4,"minecraft:raw_gold":4,"minecraft:stone_pickaxe":1,"minecraft:iron_ingot":45,"minecraft:cooked_chicken":4,"minecraft:bolt_armor_trim_smithing_template":2,"minecraft:glass_bottle":5,"minecraft:oak_planks":26,"minecraft:smooth_basalt":2,"minecraft:gravel":11,"minecraft:dead_bush":1,"minecraft:polished_tuff":1,"minecraft:spider_eye":15,"minecraft:slime_ball":30,"minecraft:diamond":9,"minecraft:stone_axe":1,"minecraft:waxed_oxidized_copper_grate":4,"minecraft:granite":1,"minecraft:crossbow":3,"minecraft:breeze_rod":24,"minecraft:emerald":55,"minecraft:bread":1,"minecraft:baked_potato":16,"minecraft:oak_sapling":5,"minecraft:coal":44,"minecraft:chiseled_tuff_bricks":3},"minecraft:killed_by":{"minecraft:zombie":1},"minecraft:mined":{"minecraft:tuff":6,"minecraft:deepslate_diamond_ore":5,"minecraft:oak_door":7,"minecraft:sculk_vein":5,"minecraft:granite":1,"minecraft:potted_dead_bush":1,"minecraft:grass_block":7,"minecraft:decorated_pot":39,"minecraft:chiseled_tuff_bricks":3,"minecraft:tuff_bricks":34,"minecraft:furnace":6,"minecraft:waxed_copper_grate":26,"minecraft:iron_ore":34,"minecraft:cobbled_deepslate":10,"minecraft:polished_tuff":2,"minecraft:gold_block":1,"minecraft:chiseled_tuff":2,"minecraft:deepslate_iron_ore":6,"minecraft:waxed_weathered_copper_bulb":3,"minecraft:stone":102,"minecraft:crafting_table":8,"minecraft:cornflower":1,"minecraft:short_grass":15,"minecraft:calcite":2,"minecraft:waxed_copper_door":1,"minecraft:tall_grass":4,"minecraft:cobblestone":3,"minecraft:deepslate_gold_ore":4,"minecraft:lapis_ore":2,"minecraft:oak_planks":9,"minecraft:amethyst_block":5,"minecraft:waxed_copper_bulb":2,"minecraft:waxed_oxidized_copper_grate":7,"minecraft:waxed_copper_block":7,"minecraft:oak_log":12,"minecraft:coal_ore":25,"minecraft:waxed_oxidized_copper":5,"minecraft:waxed_oxidized_copper_door":1,"minecraft:gravel":4,"minecraft:dirt":5,"minecraft:cobweb":9,"minecraft:smooth_basalt":2,"minecraft:oak_leaves":5,"minecraft:deepslate":46},"minecraft:broken":{"minecraft:golden_helmet":1,"minecraft:shield":1},"minecraft:custom":{"minecraft:mob_kills":234,"minecraft:interact_with_crafting_table":28,"minecraft:open_barrel":31,"minecraft:eat_cake_slice":7,"minecraft:leave_game":6,"minecraft:time_since_death":130419,"minecraft:climb_one_cm":13306,"minecraft:sprint_one_cm":465454,"minecraft:walk_one_cm":291171,"minecraft:damage_blocked_by_shield":7940,"minecraft:drop":90,"minecraft:play_time":138991,"minecraft:deaths":1,"minecraft:sneak_time":8378,"minecraft:walk_under_water_one_cm":27033,"minecraft:boat_one_cm":1476,"minecraft:jump":3377,"minecraft:walk_on_water_one_cm":147602,"minecraft:total_world_time":138991,"minecraft:interact_with_furnace":49,"minecraft:sleep_in_bed":2,"minecraft:time_since_rest":110377,"minecraft:damage_taken":3884,"minecraft:damage_dealt":28829,"minecraft:swim_one_cm":54311,"minecraft:fly_one_cm":539535,"minecraft:open_chest":35,"minecraft:crouch_one_cm":23601,"minecraft:fall_one_cm":65477,"minecraft:inspect_dispenser":58},"minecraft:dropped":{"minecraft:iron_sword":1,"minecraft:lapis_lazuli":15,"minecraft:glass_bottle":14,"minecraft:decorated_pot":5,"minecraft:iron_helmet":1,"minecraft:cobblestone":8,"minecraft:waxed_copper_grate":8,"minecraft:polished_tuff":1,"minecraft:leather":2,"minecraft:amethyst_block":5,"minecraft:honeycomb":5,"minecraft:granite":1,"minecraft:coal":3,"minecraft:stick":5,"minecraft:flint":4,"minecraft:gold_block":1,"minecraft:dirt":3,"minecraft:wooden_axe":1,"minecraft:waxed_copper_bulb":1,"minecraft:waxed_oxidized_copper":3,"minecraft:iron_leggings":1,"minecraft:dead_bush":1,"minecraft:string":3,"minecraft:bucket":1,"minecraft:smooth_basalt":2,"minecraft:oak_door":3,"minecraft:bricks":13,"minecraft:stone_axe":1,"minecraft:tuff_bricks":7,"minecraft:cobbled_deepslate":5,"minecraft:raw_iron":10,"minecraft:oak_planks":1,"minecraft:iron_boots":1,"minecraft:golden_shovel":1,"minecraft:waxed_copper_block":1,"minecraft:wind_charge":24,"minecraft:diamond_sword":1,"minecraft:flower_pot":1,"minecraft:iron_chestplate":2,"minecraft:lingering_potion":2,"minecraft:oak_sapling":5,"minecraft:spider_eye":7,"minecraft:bow":2,"minecraft:arrow":27,"minecraft:wooden_pickaxe":1,"minecraft:raw_gold":1,"minecraft:calcite":2,"minecraft:brick":47},"minecraft:used":{"minecraft:tuff_bricks":1,"minecraft:decorated_pot":8,"minecraft:shield":296,"minecraft:iron_sword":247,"minecraft:cooked_chicken":3,"minecraft:rotten_flesh":62,"minecraft:trial_key":16,"minecraft:oak_door":7,"minecraft:dirt":7,"minecraft:waxed_copper_grate":11,"minecraft:honey_bottle":12,"minecraft:waxed_oxidized_copper":1,"minecraft:waxed_oxidized_copper_grate":4,"minecraft:iron_axe":4,"minecraft:iron_helmet":1,"minecraft:golden_carrot":2,"minecraft:bow":20,"minecraft:ominous_bottle":1,"minecraft:furnace":6,"minecraft:cooked_beef":3,"minecraft:cobbled_deepslate":2,"minecraft:water_bucket":63,"minecraft:waxed_weathered_copper_bulb":2,"minecraft:stone_pickaxe":75,"minecraft:baked_potato":34,"minecraft:oak_planks":17,"minecraft:wooden_pickaxe":22,"minecraft:crafting_table":9,"minecraft:crossbow":132,"minecraft:lingering_potion":3,"minecraft:cake":1,"minecraft:diamond_pickaxe":130,"minecraft:apple":1,"minecraft:wind_charge":15,"minecraft:bread":1,"minecraft:iron_pickaxe":129,"minecraft:gravel":7,"minecraft:stone_axe":24,"minecraft:chiseled_tuff_bricks":2,"minecraft:diamond_sword":256,"minecraft:cobblestone":67,"minecraft:potion":3,"minecraft:bucket":62,"minecraft:oak_boat":1},"minecraft:crafted":{"minecraft:oak_door":3,"minecraft:oak_planks":48,"minecraft:wind_charge":12,"minecraft:furnace":3,"minecraft:diamond_helmet":1,"minecraft:bow":4,"minecraft:iron_boots":2,"minecraft:stone_pickaxe":1,"minecraft:bricks":13,"minecraft:cooked_beef":3,"minecraft:diamond_sword":1,"minecraft:crafting_table":1,"minecraft:wooden_pickaxe":1,"minecraft:iron_helmet":1,"minecraft:iron_sword":1,"minecraft:bucket":1,"minecraft:stone_axe":1,"minecraft:air":0,"minecraft:oak_boat":1,"minecraft:iron_chestplate":1,"minecraft:diamond_pickaxe":1,"minecraft:shield":2,"minecraft:stick":16,"minecraft:iron_ingot":37,"minecraft:iron_pickaxe":1,"minecraft:iron_leggings":2}},"DataVersion":3953}