{"stats":{"minecraft:custom":{"minecraft:time_since_rest":5918,"minecraft:crouch_one_cm":1246,"minecraft:play_time":5918,"minecraft:sprint_one_cm":5384,"minecraft:walk_one_cm":4330,"minecraft:sneak_time":390,"minecraft:jump":68,"minecraft:time_since_death":5918,"minecraft:total_world_time":5918,"minecraft:interact_with_crafting_table":2,"minecraft:fall_one_cm":1163,"minecraft:fly_one_cm":10713},"minecraft:crafted":{"minecraft:oak_planks":36,"minecraft:crafting_table":1,"minecraft:stick":8,"minecraft:stone_pickaxe":1,"minecraft:wooden_pickaxe":1},"minecraft:used":{"minecraft:crafting_table":1,"minecraft:stone_pickaxe":2,"minecraft:wooden_pickaxe":22},"minecraft:picked_up":{"minecraft:apple":1,"minecraft:gravel":4,"minecraft:oak_log":9,"minecraft:dirt":7,"minecraft:cobblestone":24},"minecraft:mined":{"minecraft:grass_block":4,"minecraft:oak_log":10,"minecraft:gravel":4,"minecraft:dirt":5,"minecraft:stone":24,"minecraft:oak_leaves":3}},"DataVersion":3953}