{"stats":{"minecraft:killed":{"minecraft:spider":18,"minecraft:zombie":41,"minecraft:stray":44,"minecraft:breeze":8,"minecraft:cow":1},"minecraft:picked_up":{"minecraft:lingering_potion":1,"minecraft:crafting_table":8,"minecraft:iron_chestplate":1,"minecraft:ominous_bottle":2,"minecraft:flower_pot":1,"minecraft:wooden_pickaxe":1,"minecraft:enchanted_book":1,"minecraft:gold_block":1,"minecraft:potion":3,"minecraft:brick":99,"minecraft:amethyst_block":5,"minecraft:wind_charge":42,"minecraft:iron_axe":1,"minecraft:string":27,"minecraft:cobbled_deepslate":5,"minecraft:beef":3,"minecraft:trial_key":15,"minecraft:oak_boat":2,"minecraft:calcite":2,"minecraft:guster_pottery_sherd":3,"minecraft:waxed_oxidized_copper":1,"minecraft:furnace":3,"minecraft:tipped_arrow":55,"minecraft:stick":11,"minecraft:raw_iron":40,"minecraft:oak_door":7,"minecraft:waxed_weathered_copper_bulb":2,"minecraft:waxed_copper_grate":18,"minecraft:diamond_chestplate":1,"minecraft:honey_bottle":6,"minecraft:arrow":150,"minecraft:rotten_flesh":48,"minecraft:decorated_pot":13,"minecraft:tuff_bricks":12,"minecraft:cobblestone":155,"minecraft:leather":2,"minecraft:flint":2,"minecraft:tuff":1,"minecraft:oak_log":11,"minecraft:waxed_copper_block":4,"minecraft:dirt":17,"minecraft:lapis_lazuli":15,"minecraft:bone":47,"minecraft:apple":2,"minecraft:bow":5,"minecraft:wheat_seeds":4,"minecraft:raw_gold":1,"minecraft:iron_ingot":45,"minecraft:stone_pickaxe":1,"minecraft:cooked_chicken":3,"minecraft:bolt_armor_trim_smithing_template":2,"minecraft:glass_bottle":3,"minecraft:oak_planks":26,"minecraft:smooth_basalt":2,"minecraft:gravel":11,"minecraft:dead_bush":1,"minecraft:polished_tuff":1,"minecraft:spider_eye":7,"minecraft:diamond":9,"minecraft:stone_axe":1,"minecraft:waxed_oxidized_copper_grate":4,"minecraft:breeze_rod":11,"minecraft:crossbow":3,"minecraft:granite":1,"minecraft:bread":1,"minecraft:emerald":55,"minecraft:baked_potato":6,"minecraft:oak_sapling":5,"minecraft:coal":44,"minecraft:chiseled_tuff_bricks":2},"minecraft:killed_by":{"minecraft:zombie":1},"minecraft:mined":{"minecraft:tuff":1,"minecraft:deepslate_diamond_ore":5,"minecraft:oak_door":7,"minecraft:sculk_vein":3,"minecraft:granite":1,"minecraft:potted_dead_bush":1,"minecraft:grass_block":7,"minecraft:decorated_pot":39,"minecraft:chiseled_tuff_bricks":2,"minecraft:tuff_bricks":18,"minecraft:furnace":3,"minecraft:waxed_copper_grate":25,"minecraft:iron_ore":34,"minecraft:cobbled_deepslate":6,"minecraft:polished_tuff":1,"minecraft:gold_block":1,"minecraft:chiseled_tuff":1,"minecraft:deepslate_iron_ore":6,"minecraft:waxed_weathered_copper_bulb":2,"minecraft:stone":102,"minecraft:crafting_table":7,"minecraft:cornflower":1,"minecraft:short_grass":15,"minecraft:calcite":2,"minecraft:waxed_copper_door":1,"minecraft:cobblestone":3,"minecraft:tall_grass":4,"minecraft:deepslate_gold_ore":1,"minecraft:lapis_ore":2,"minecraft:oak_planks":9,"minecraft:amethyst_block":5,"minecraft:waxed_copper_bulb":1,"minecraft:waxed_oxidized_copper_grate":4,"minecraft:waxed_copper_block":5,"minecraft:oak_log":10,"minecraft:coal_ore":25,"minecraft:waxed_oxidized_copper":1,"minecraft:gravel":4,"minecraft:dirt":5,"minecraft:cobweb":8,"minecraft:smooth_basalt":2,"minecraft:oak_leaves":3,"minecraft:deepslate":5},"minecraft:broken":{"minecraft:golden_helmet":1},"minecraft:custom":{"minecraft:mob_kills":118,"minecraft:interact_with_crafting_table":21,"minecraft:open_barrel":26,"minecraft:eat_cake_slice":7,"minecraft:leave_game":6,"minecraft:time_since_death":82445,"minecraft:climb_one_cm":7124,"minecraft:sprint_one_cm":280481,"minecraft:walk_one_cm":186188,"minecraft:damage_blocked_by_shield":6030,"minecraft:drop":70,"minecraft:play_time":91017,"minecraft:deaths":1,"minecraft:sneak_time":6496,"minecraft:walk_under_water_one_cm":19576,"minecraft:boat_one_cm":1476,"minecraft:jump":2036,"minecraft:walk_on_water_one_cm":50223,"minecraft:total_world_time":91017,"minecraft:interact_with_furnace":46,"minecraft:sleep_in_bed":2,"minecraft:time_since_rest":62403,"minecraft:damage_taken":2548,"minecraft:damage_dealt":16772,"minecraft:swim_one_cm":49468,"minecraft:fly_one_cm":318174,"minecraft:open_chest":26,"minecraft:crouch_one_cm":19579,"minecraft:fall_one_cm":45145,"minecraft:inspect_dispenser":47},"minecraft:dropped":{"minecraft:iron_sword":1,"minecraft:lapis_lazuli":15,"minecraft:glass_bottle":8,"minecraft:decorated_pot":5,"minecraft:cobblestone":8,"minecraft:waxed_copper_grate":7,"minecraft:polished_tuff":1,"minecraft:leather":2,"minecraft:amethyst_block":5,"minecraft:honeycomb":5,"minecraft:granite":1,"minecraft:coal":3,"minecraft:flint":4,"minecraft:stick":5,"minecraft:gold_block":1,"minecraft:dirt":3,"minecraft:dead_bush":1,"minecraft:string":3,"minecraft:smooth_basalt":2,"minecraft:oak_door":3,"minecraft:bricks":13,"minecraft:stone_axe":1,"minecraft:tuff_bricks":2,"minecraft:cobbled_deepslate":5,"minecraft:raw_iron":10,"minecraft:oak_planks":1,"minecraft:golden_shovel":1,"minecraft:wind_charge":24,"minecraft:flower_pot":1,"minecraft:iron_chestplate":2,"minecraft:lingering_potion":2,"minecraft:oak_sapling":5,"minecraft:spider_eye":7,"minecraft:arrow":27,"minecraft:wooden_pickaxe":1,"minecraft:raw_gold":1,"minecraft:calcite":2,"minecraft:brick":47},"minecraft:used":{"minecraft:tuff_bricks":1,"minecraft:decorated_pot":8,"minecraft:shield":236,"minecraft:iron_sword":247,"minecraft:cooked_chicken":3,"minecraft:rotten_flesh":25,"minecraft:trial_key":15,"minecraft:oak_door":7,"minecraft:dirt":7,"minecraft:waxed_copper_grate":11,"minecraft:honey_bottle":4,"minecraft:waxed_oxidized_copper":1,"minecraft:waxed_oxidized_copper_grate":4,"minecraft:iron_helmet":1,"minecraft:bow":19,"minecraft:furnace":3,"minecraft:cooked_beef":3,"minecraft:water_bucket":32,"minecraft:waxed_weathered_copper_bulb":2,"minecraft:stone_pickaxe":75,"minecraft:baked_potato":22,"minecraft:oak_planks":17,"minecraft:wooden_pickaxe":22,"minecraft:crafting_table":7,"minecraft:crossbow":30,"minecraft:lingering_potion":3,"minecraft:cake":1,"minecraft:diamond_pickaxe":40,"minecraft:apple":1,"minecraft:wind_charge":5,"minecraft:bread":1,"minecraft:iron_pickaxe":129,"minecraft:gravel":7,"minecraft:stone_axe":24,"minecraft:chiseled_tuff_bricks":2,"minecraft:diamond_sword":56,"minecraft:cobblestone":67,"minecraft:potion":3,"minecraft:bucket":32,"minecraft:oak_boat":1},"minecraft:crafted":{"minecraft:oak_door":3,"minecraft:oak_planks":40,"minecraft:wind_charge":12,"minecraft:furnace":3,"minecraft:bow":4,"minecraft:iron_boots":1,"minecraft:stone_pickaxe":1,"minecraft:bricks":13,"minecraft:cooked_beef":3,"minecraft:diamond_sword":1,"minecraft:crafting_table":1,"minecraft:wooden_pickaxe":1,"minecraft:iron_helmet":1,"minecraft:iron_sword":1,"minecraft:bucket":1,"minecraft:stone_axe":1,"minecraft:air":0,"minecraft:oak_boat":1,"minecraft:iron_chestplate":1,"minecraft:diamond_pickaxe":1,"minecraft:shield":1,"minecraft:stick":16,"minecraft:iron_ingot":37,"minecraft:iron_pickaxe":1,"minecraft:iron_leggings":1}},"DataVersion":3953}