{"stats":{"minecraft:custom":{"minecraft:mob_kills":34,"minecraft:interact_with_crafting_table":17,"minecraft:open_barrel":9,"minecraft:eat_cake_slice":3,"minecraft:leave_game":4,"minecraft:time_since_death":44014,"minecraft:climb_one_cm":1852,"minecraft:sprint_one_cm":132878,"minecraft:walk_one_cm":91574,"minecraft:damage_blocked_by_shield":2455,"minecraft:drop":44,"minecraft:play_time":52586,"minecraft:deaths":1,"minecraft:sneak_time":5178,"minecraft:walk_under_water_one_cm":15098,"minecraft:boat_one_cm":1476,"minecraft:jump":1176,"minecraft:walk_on_water_one_cm":13292,"minecraft:total_world_time":52586,"minecraft:interact_with_furnace":45,"minecraft:sleep_in_bed":2,"minecraft:time_since_rest":23972,"minecraft:damage_taken":1482,"minecraft:damage_dealt":5803,"minecraft:fly_one_cm":196985,"minecraft:swim_one_cm":45179,"minecraft:open_chest":10,"minecraft:crouch_one_cm":15590,"minecraft:fall_one_cm":32309,"minecraft:inspect_dispenser":30},"minecraft:killed":{"minecraft:spider":3,"minecraft:zombie":11,"minecraft:stray":10,"minecraft:breeze":4,"minecraft:cow":1},"minecraft:crafted":{"minecraft:oak_door":3,"minecraft:oak_planks":40,"minecraft:wind_charge":12,"minecraft:furnace":3,"minecraft:iron_boots":1,"minecraft:stone_pickaxe":1,"minecraft:cooked_beef":3,"minecraft:crafting_table":1,"minecraft:wooden_pickaxe":1,"minecraft:iron_sword":1,"minecraft:bucket":1,"minecraft:stone_axe":1,"minecraft:air":0,"minecraft:oak_boat":1,"minecraft:iron_chestplate":1,"minecraft:diamond_pickaxe":1,"minecraft:shield":1,"minecraft:stick":16,"minecraft:iron_ingot":37,"minecraft:iron_pickaxe":1,"minecraft:iron_leggings":1},"minecraft:used":{"minecraft:decorated_pot":8,"minecraft:shield":96,"minecraft:iron_sword":102,"minecraft:rotten_flesh":1,"minecraft:trial_key":4,"minecraft:oak_door":7,"minecraft:dirt":7,"minecraft:waxed_copper_grate":10,"minecraft:honey_bottle":2,"minecraft:waxed_oxidized_copper":1,"minecraft:waxed_oxidized_copper_grate":2,"minecraft:furnace":3,"minecraft:cooked_beef":3,"minecraft:water_bucket":10,"minecraft:waxed_weathered_copper_bulb":1,"minecraft:stone_pickaxe":75,"minecraft:oak_planks":14,"minecraft:baked_potato":17,"minecraft:wooden_pickaxe":22,"minecraft:crafting_table":6,"minecraft:lingering_potion":3,"minecraft:cake":1,"minecraft:diamond_pickaxe":13,"minecraft:apple":1,"minecraft:wind_charge":5,"minecraft:iron_pickaxe":128,"minecraft:gravel":7,"minecraft:stone_axe":22,"minecraft:cobblestone":63,"minecraft:bucket":11,"minecraft:oak_boat":1},"minecraft:dropped":{"minecraft:lapis_lazuli":15,"minecraft:glass_bottle":2,"minecraft:decorated_pot":5,"minecraft:cobblestone":2,"minecraft:waxed_copper_grate":7,"minecraft:polished_tuff":1,"minecraft:amethyst_block":5,"minecraft:leather":2,"minecraft:honeycomb":5,"minecraft:granite":1,"minecraft:coal":3,"minecraft:flint":4,"minecraft:gold_block":1,"minecraft:dirt":3,"minecraft:string":3,"minecraft:smooth_basalt":2,"minecraft:oak_door":3,"minecraft:cobbled_deepslate":5,"minecraft:raw_iron":10,"minecraft:golden_shovel":1,"minecraft:iron_chestplate":1,"minecraft:lingering_potion":2,"minecraft:oak_sapling":5,"minecraft:spider_eye":1,"minecraft:arrow":2,"minecraft:wooden_pickaxe":1,"minecraft:raw_gold":1,"minecraft:calcite":2,"minecraft:brick":34},"minecraft:killed_by":{"minecraft:zombie":1},"minecraft:mined":{"minecraft:tuff":1,"minecraft:deepslate_diamond_ore":5,"minecraft:oak_door":7,"minecraft:granite":1,"minecraft:grass_block":7,"minecraft:decorated_pot":21,"minecraft:tuff_bricks":9,"minecraft:furnace":3,"minecraft:waxed_copper_grate":20,"minecraft:iron_ore":34,"minecraft:cobbled_deepslate":2,"minecraft:polished_tuff":1,"minecraft:gold_block":1,"minecraft:chiseled_tuff":1,"minecraft:deepslate_iron_ore":6,"minecraft:waxed_weathered_copper_bulb":1,"minecraft:stone":102,"minecraft:crafting_table":6,"minecraft:cornflower":1,"minecraft:short_grass":15,"minecraft:calcite":2,"minecraft:waxed_copper_door":1,"minecraft:cobblestone":2,"minecraft:tall_grass":4,"minecraft:deepslate_gold_ore":1,"minecraft:lapis_ore":2,"minecraft:oak_planks":8,"minecraft:amethyst_block":5,"minecraft:waxed_copper_bulb":1,"minecraft:waxed_oxidized_copper_grate":2,"minecraft:waxed_copper_block":4,"minecraft:oak_log":10,"minecraft:coal_ore":25,"minecraft:waxed_oxidized_copper":1,"minecraft:gravel":4,"minecraft:dirt":5,"minecraft:smooth_basalt":2,"minecraft:oak_leaves":3,"minecraft:deepslate":3},"minecraft:picked_up":{"minecraft:lingering_potion":1,"minecraft:iron_chestplate":1,"minecraft:crafting_table":7,"minecraft:wooden_pickaxe":1,"minecraft:gold_block":1,"minecraft:potion":1,"minecraft:brick":34,"minecraft:wind_charge":1,"minecraft:amethyst_block":5,"minecraft:string":3,"minecraft:cobbled_deepslate":5,"minecraft:beef":3,"minecraft:trial_key":5,"minecraft:oak_boat":2,"minecraft:calcite":2,"minecraft:waxed_oxidized_copper":1,"minecraft:furnace":3,"minecraft:tipped_arrow":21,"minecraft:stick":11,"minecraft:raw_iron":40,"minecraft:oak_door":7,"minecraft:waxed_weathered_copper_bulb":1,"minecraft:waxed_copper_grate":17,"minecraft:honey_bottle":1,"minecraft:arrow":46,"minecraft:rotten_flesh":11,"minecraft:decorated_pot":13,"minecraft:tuff_bricks":9,"minecraft:cobblestone":154,"minecraft:leather":2,"minecraft:flint":2,"minecraft:tuff":1,"minecraft:oak_log":11,"minecraft:waxed_copper_block":4,"minecraft:lapis_lazuli":15,"minecraft:dirt":17,"minecraft:bone":12,"minecraft:apple":2,"minecraft:wheat_seeds":4,"minecraft:raw_gold":1,"minecraft:iron_ingot":22,"minecraft:stone_pickaxe":1,"minecraft:bolt_armor_trim_smithing_template":2,"minecraft:glass_bottle":1,"minecraft:oak_planks":24,"minecraft:smooth_basalt":2,"minecraft:gravel":11,"minecraft:spider_eye":1,"minecraft:polished_tuff":1,"minecraft:diamond":5,"minecraft:stone_axe":1,"minecraft:waxed_oxidized_copper_grate":2,"minecraft:breeze_rod":5,"minecraft:granite":1,"minecraft:emerald":25,"minecraft:oak_sapling":5,"minecraft:coal":44}},"DataVersion":3953}