{"stats":{"minecraft:custom":{"minecraft:mob_kills":73,"minecraft:interact_with_crafting_table":20,"minecraft:open_barrel":13,"minecraft:eat_cake_slice":3,"minecraft:leave_game":4,"minecraft:time_since_death":56014,"minecraft:climb_one_cm":3290,"minecraft:sprint_one_cm":160659,"minecraft:walk_one_cm":129349,"minecraft:damage_blocked_by_shield":4640,"minecraft:drop":50,"minecraft:play_time":64586,"minecraft:deaths":1,"minecraft:sneak_time":5862,"minecraft:walk_under_water_one_cm":16622,"minecraft:boat_one_cm":1476,"minecraft:jump":1475,"minecraft:walk_on_water_one_cm":24255,"minecraft:total_world_time":64586,"minecraft:interact_with_furnace":45,"minecraft:sleep_in_bed":2,"minecraft:time_since_rest":35972,"minecraft:damage_taken":2045,"minecraft:damage_dealt":11884,"minecraft:fly_one_cm":227436,"minecraft:swim_one_cm":46108,"minecraft:open_chest":15,"minecraft:crouch_one_cm":16763,"minecraft:fall_one_cm":35594,"minecraft:inspect_dispenser":35},"minecraft:killed":{"minecraft:spider":11,"minecraft:zombie":17,"minecraft:stray":34,"minecraft:breeze":4,"minecraft:cow":1},"minecraft:crafted":{"minecraft:oak_door":3,"minecraft:oak_planks":40,"minecraft:wind_charge":12,"minecraft:furnace":3,"minecraft:bow":3,"minecraft:iron_boots":1,"minecraft:stone_pickaxe":1,"minecraft:cooked_beef":3,"minecraft:crafting_table":1,"minecraft:iron_helmet":1,"minecraft:wooden_pickaxe":1,"minecraft:iron_sword":1,"minecraft:bucket":1,"minecraft:stone_axe":1,"minecraft:air":0,"minecraft:oak_boat":1,"minecraft:iron_chestplate":1,"minecraft:diamond_pickaxe":1,"minecraft:shield":1,"minecraft:stick":16,"minecraft:iron_ingot":37,"minecraft:iron_pickaxe":1,"minecraft:iron_leggings":1},"minecraft:used":{"minecraft:decorated_pot":8,"minecraft:shield":180,"minecraft:iron_sword":230,"minecraft:rotten_flesh":7,"minecraft:trial_key":5,"minecraft:oak_door":7,"minecraft:dirt":7,"minecraft:waxed_copper_grate":10,"minecraft:honey_bottle":2,"minecraft:waxed_oxidized_copper":1,"minecraft:waxed_oxidized_copper_grate":2,"minecraft:iron_helmet":1,"minecraft:bow":4,"minecraft:furnace":3,"minecraft:cooked_beef":3,"minecraft:water_bucket":16,"minecraft:waxed_weathered_copper_bulb":1,"minecraft:stone_pickaxe":75,"minecraft:oak_planks":16,"minecraft:baked_potato":21,"minecraft:wooden_pickaxe":22,"minecraft:crafting_table":7,"minecraft:lingering_potion":3,"minecraft:cake":1,"minecraft:diamond_pickaxe":13,"minecraft:apple":1,"minecraft:wind_charge":5,"minecraft:bread":1,"minecraft:iron_pickaxe":128,"minecraft:gravel":7,"minecraft:stone_axe":23,"minecraft:potion":3,"minecraft:cobblestone":66,"minecraft:bucket":17,"minecraft:oak_boat":1},"minecraft:dropped":{"minecraft:lapis_lazuli":15,"minecraft:glass_bottle":5,"minecraft:decorated_pot":5,"minecraft:cobblestone":8,"minecraft:waxed_copper_grate":7,"minecraft:polished_tuff":1,"minecraft:amethyst_block":5,"minecraft:leather":2,"minecraft:honeycomb":5,"minecraft:granite":1,"minecraft:coal":3,"minecraft:flint":4,"minecraft:gold_block":1,"minecraft:dirt":3,"minecraft:dead_bush":1,"minecraft:string":3,"minecraft:smooth_basalt":2,"minecraft:oak_door":3,"minecraft:cobbled_deepslate":5,"minecraft:raw_iron":10,"minecraft:golden_shovel":1,"minecraft:flower_pot":1,"minecraft:iron_chestplate":1,"minecraft:lingering_potion":2,"minecraft:oak_sapling":5,"minecraft:spider_eye":1,"minecraft:arrow":2,"minecraft:wooden_pickaxe":1,"minecraft:raw_gold":1,"minecraft:calcite":2,"minecraft:brick":34},"minecraft:killed_by":{"minecraft:zombie":1},"minecraft:mined":{"minecraft:tuff":1,"minecraft:deepslate_diamond_ore":5,"minecraft:oak_door":7,"minecraft:sculk_vein":2,"minecraft:potted_dead_bush":1,"minecraft:granite":1,"minecraft:grass_block":7,"minecraft:decorated_pot":37,"minecraft:tuff_bricks":9,"minecraft:furnace":3,"minecraft:waxed_copper_grate":20,"minecraft:iron_ore":34,"minecraft:cobbled_deepslate":2,"minecraft:polished_tuff":1,"minecraft:gold_block":1,"minecraft:chiseled_tuff":1,"minecraft:deepslate_iron_ore":6,"minecraft:waxed_weathered_copper_bulb":1,"minecraft:stone":102,"minecraft:crafting_table":7,"minecraft:cornflower":1,"minecraft:short_grass":15,"minecraft:calcite":2,"minecraft:waxed_copper_door":1,"minecraft:cobblestone":2,"minecraft:tall_grass":4,"minecraft:deepslate_gold_ore":1,"minecraft:lapis_ore":2,"minecraft:oak_planks":8,"minecraft:amethyst_block":5,"minecraft:waxed_copper_bulb":1,"minecraft:waxed_oxidized_copper_grate":2,"minecraft:waxed_copper_block":4,"minecraft:oak_log":10,"minecraft:coal_ore":25,"minecraft:waxed_oxidized_copper":1,"minecraft:gravel":4,"minecraft:dirt":5,"minecraft:cobweb":6,"minecraft:smooth_basalt":2,"minecraft:oak_leaves":3,"minecraft:deepslate":3},"minecraft:picked_up":{"minecraft:lingering_potion":1,"minecraft:iron_chestplate":1,"minecraft:crafting_table":8,"minecraft:flower_pot":1,"minecraft:wooden_pickaxe":1,"minecraft:gold_block":1,"minecraft:potion":3,"minecraft:brick":91,"minecraft:wind_charge":1,"minecraft:amethyst_block":5,"minecraft:string":18,"minecraft:cobbled_deepslate":5,"minecraft:beef":3,"minecraft:trial_key":7,"minecraft:oak_boat":2,"minecraft:calcite":2,"minecraft:guster_pottery_sherd":3,"minecraft:waxed_oxidized_copper":1,"minecraft:furnace":3,"minecraft:tipped_arrow":32,"minecraft:stick":11,"minecraft:raw_iron":40,"minecraft:oak_door":7,"minecraft:waxed_weathered_copper_bulb":1,"minecraft:waxed_copper_grate":17,"minecraft:honey_bottle":1,"minecraft:arrow":90,"minecraft:rotten_flesh":17,"minecraft:decorated_pot":13,"minecraft:tuff_bricks":9,"minecraft:cobblestone":154,"minecraft:leather":2,"minecraft:flint":2,"minecraft:tuff":1,"minecraft:oak_log":11,"minecraft:waxed_copper_block":4,"minecraft:lapis_lazuli":15,"minecraft:dirt":17,"minecraft:bone":31,"minecraft:apple":2,"minecraft:bow":4,"minecraft:wheat_seeds":4,"minecraft:raw_gold":1,"minecraft:cooked_chicken":1,"minecraft:iron_ingot":39,"minecraft:stone_pickaxe":1,"minecraft:bolt_armor_trim_smithing_template":2,"minecraft:glass_bottle":1,"minecraft:oak_planks":24,"minecraft:smooth_basalt":2,"minecraft:gravel":11,"minecraft:dead_bush":1,"minecraft:spider_eye":4,"minecraft:polished_tuff":1,"minecraft:diamond":5,"minecraft:stone_axe":1,"minecraft:waxed_oxidized_copper_grate":2,"minecraft:breeze_rod":5,"minecraft:granite":1,"minecraft:bread":1,"minecraft:emerald":41,"minecraft:baked_potato":3,"minecraft:oak_sapling":5,"minecraft:coal":44},"minecraft:broken":{"minecraft:golden_helmet":1}},"DataVersion":3953}