{"stats":{"minecraft:custom":{"minecraft:interact_with_furnace":45,"minecraft:mob_kills":12,"minecraft:interact_with_crafting_table":17,"minecraft:open_barrel":9,"minecraft:leave_game":3,"minecraft:time_since_death":27748,"minecraft:sleep_in_bed":2,"minecraft:climb_one_cm":1019,"minecraft:time_since_rest":7706,"minecraft:damage_blocked_by_shield":985,"minecraft:sprint_one_cm":82628,"minecraft:damage_taken":870,"minecraft:walk_one_cm":55343,"minecraft:drop":23,"minecraft:damage_dealt":1635,"minecraft:swim_one_cm":45053,"minecraft:fly_one_cm":122048,"minecraft:open_chest":6,"minecraft:crouch_one_cm":12967,"minecraft:play_time":36320,"minecraft:deaths":1,"minecraft:sneak_time":4102,"minecraft:walk_under_water_one_cm":14282,"minecraft:boat_one_cm":1476,"minecraft:jump":758,"minecraft:walk_on_water_one_cm":5089,"minecraft:total_world_time":36320,"minecraft:fall_one_cm":23805},"minecraft:killed":{"minecraft:spider":3,"minecraft:stray":6,"minecraft:cow":1},"minecraft:crafted":{"minecraft:cooked_beef":3,"minecraft:oak_door":3,"minecraft:oak_planks":40,"minecraft:crafting_table":1,"minecraft:wooden_pickaxe":1,"minecraft:iron_sword":1,"minecraft:furnace":3,"minecraft:bucket":1,"minecraft:stone_axe":1,"minecraft:air":0,"minecraft:oak_boat":1,"minecraft:iron_boots":1,"minecraft:iron_chestplate":1,"minecraft:diamond_pickaxe":1,"minecraft:shield":1,"minecraft:stick":16,"minecraft:iron_ingot":28,"minecraft:iron_pickaxe":1,"minecraft:stone_pickaxe":1,"minecraft:iron_leggings":1},"minecraft:used":{"minecraft:water_bucket":6,"minecraft:waxed_weathered_copper_bulb":1,"minecraft:stone_pickaxe":75,"minecraft:baked_potato":6,"minecraft:oak_planks":13,"minecraft:decorated_pot":8,"minecraft:shield":38,"minecraft:wooden_pickaxe":22,"minecraft:iron_sword":32,"minecraft:trial_key":1,"minecraft:oak_door":7,"minecraft:dirt":7,"minecraft:crafting_table":6,"minecraft:waxed_oxidized_copper":1,"minecraft:diamond_pickaxe":13,"minecraft:waxed_oxidized_copper_grate":2,"minecraft:apple":1,"minecraft:iron_pickaxe":104,"minecraft:gravel":7,"minecraft:stone_axe":22,"minecraft:cobblestone":37,"minecraft:furnace":3,"minecraft:bucket":7,"minecraft:oak_boat":1,"minecraft:cooked_beef":3},"minecraft:dropped":{"minecraft:cobbled_deepslate":5,"minecraft:decorated_pot":5,"minecraft:cobblestone":2,"minecraft:polished_tuff":1,"minecraft:leather":2,"minecraft:amethyst_block":5,"minecraft:granite":1,"minecraft:golden_shovel":1,"minecraft:dirt":3,"minecraft:oak_sapling":5,"minecraft:spider_eye":1,"minecraft:wooden_pickaxe":1,"minecraft:calcite":2,"minecraft:string":1,"minecraft:brick":14,"minecraft:smooth_basalt":2},"minecraft:killed_by":{"minecraft:zombie":1},"minecraft:mined":{"minecraft:tuff":1,"minecraft:deepslate_diamond_ore":5,"minecraft:oak_door":7,"minecraft:crafting_table":6,"minecraft:cornflower":1,"minecraft:granite":1,"minecraft:short_grass":15,"minecraft:grass_block":7,"minecraft:calcite":2,"minecraft:decorated_pot":21,"minecraft:waxed_copper_door":1,"minecraft:tall_grass":4,"minecraft:lapis_ore":2,"minecraft:deepslate_gold_ore":1,"minecraft:oak_planks":8,"minecraft:tuff_bricks":9,"minecraft:amethyst_block":5,"minecraft:furnace":3,"minecraft:waxed_oxidized_copper_grate":2,"minecraft:iron_ore":34,"minecraft:cobbled_deepslate":2,"minecraft:polished_tuff":1,"minecraft:waxed_copper_block":4,"minecraft:gold_block":1,"minecraft:coal_ore":25,"minecraft:oak_log":10,"minecraft:deepslate_iron_ore":6,"minecraft:waxed_oxidized_copper":1,"minecraft:gravel":4,"minecraft:dirt":5,"minecraft:smooth_basalt":2,"minecraft:waxed_weathered_copper_bulb":1,"minecraft:stone":102,"minecraft:oak_leaves":3,"minecraft:deepslate":3},"minecraft:picked_up":{"minecraft:crafting_table":7,"minecraft:leather":2,"minecraft:wooden_pickaxe":1,"minecraft:gold_block":1,"minecraft:flint":2,"minecraft:tuff":1,"minecraft:oak_log":11,"minecraft:waxed_copper_block":4,"minecraft:brick":34,"minecraft:amethyst_block":5,"minecraft:string":3,"minecraft:lapis_lazuli":15,"minecraft:dirt":17,"minecraft:bone":8,"minecraft:apple":2,"minecraft:wheat_seeds":4,"minecraft:cobbled_deepslate":5,"minecraft:raw_gold":1,"minecraft:trial_key":2,"minecraft:iron_ingot":22,"minecraft:beef":3,"minecraft:stone_pickaxe":1,"minecraft:oak_boat":2,"minecraft:calcite":2,"minecraft:oak_planks":24,"minecraft:waxed_oxidized_copper":1,"minecraft:furnace":3,"minecraft:tipped_arrow":11,"minecraft:stick":11,"minecraft:raw_iron":40,"minecraft:smooth_basalt":2,"minecraft:oak_door":7,"minecraft:gravel":11,"minecraft:waxed_weathered_copper_bulb":1,"minecraft:spider_eye":1,"minecraft:polished_tuff":1,"minecraft:arrow":30,"minecraft:diamond":5,"minecraft:decorated_pot":13,"minecraft:stone_axe":1,"minecraft:waxed_oxidized_copper_grate":2,"minecraft:granite":1,"minecraft:emerald":21,"minecraft:tuff_bricks":9,"minecraft:oak_sapling":5,"minecraft:coal":44,"minecraft:cobblestone":152}},"DataVersion":3953}