{"stats":{"minecraft:custom":{"minecraft:time_since_rest":8768,"minecraft:interact_with_furnace":11,"minecraft:sprint_one_cm":28804,"minecraft:damage_taken":344,"minecraft:walk_one_cm":14624,"minecraft:swim_one_cm":44563,"minecraft:interact_with_crafting_table":9,"minecraft:fly_one_cm":64234,"minecraft:crouch_one_cm":5773,"minecraft:play_time":17311,"minecraft:deaths":1,"minecraft:sneak_time":2310,"minecraft:walk_under_water_one_cm":7955,"minecraft:jump":361,"minecraft:leave_game":2,"minecraft:walk_on_water_one_cm":2365,"minecraft:time_since_death":8739,"minecraft:total_world_time":17311,"minecraft:fall_one_cm":10784},"minecraft:crafted":{"minecraft:oak_door":3,"minecraft:oak_boat":1,"minecraft:oak_planks":36,"minecraft:shield":1,"minecraft:crafting_table":1,"minecraft:stick":16,"minecraft:iron_pickaxe":1,"minecraft:iron_ingot":15,"minecraft:wooden_pickaxe":1,"minecraft:stone_pickaxe":1,"minecraft:furnace":3,"minecraft:bucket":1,"minecraft:stone_axe":1,"minecraft:air":0},"minecraft:used":{"minecraft:stone_pickaxe":75,"minecraft:iron_pickaxe":22,"minecraft:wooden_pickaxe":22,"minecraft:gravel":7,"minecraft:oak_door":7,"minecraft:stone_axe":10,"minecraft:dirt":7,"minecraft:cobblestone":1,"minecraft:crafting_table":3,"minecraft:furnace":1,"minecraft:bucket":1},"minecraft:killed_by":{"minecraft:zombie":1},"minecraft:mined":{"minecraft:furnace":1,"minecraft:oak_door":7,"minecraft:iron_ore":28,"minecraft:cornflower":1,"minecraft:crafting_table":3,"minecraft:granite":1,"minecraft:short_grass":15,"minecraft:oak_log":10,"minecraft:grass_block":6,"minecraft:coal_ore":25,"minecraft:gravel":4,"minecraft:dirt":5,"minecraft:tall_grass":4,"minecraft:lapis_ore":2,"minecraft:stone":62,"minecraft:oak_leaves":3},"minecraft:picked_up":{"minecraft:crafting_table":3,"minecraft:stick":10,"minecraft:raw_iron":28,"minecraft:oak_door":7,"minecraft:wooden_pickaxe":1,"minecraft:gravel":11,"minecraft:flint":2,"minecraft:oak_log":11,"minecraft:lapis_lazuli":15,"minecraft:dirt":16,"minecraft:apple":2,"minecraft:stone_axe":1,"minecraft:wheat_seeds":4,"minecraft:granite":1,"minecraft:stone_pickaxe":1,"minecraft:oak_boat":1,"minecraft:oak_planks":16,"minecraft:coal":40,"minecraft:cobblestone":111,"minecraft:furnace":1}},"DataVersion":3953}