{"stats":{"minecraft:custom":{"minecraft:interact_with_furnace":45,"minecraft:mob_kills":1,"minecraft:interact_with_crafting_table":15,"minecraft:open_barrel":3,"minecraft:leave_game":3,"minecraft:time_since_death":21780,"minecraft:sleep_in_bed":2,"minecraft:time_since_rest":1738,"minecraft:sprint_one_cm":68902,"minecraft:damage_taken":601,"minecraft:walk_one_cm":38996,"minecraft:drop":13,"minecraft:damage_dealt":115,"minecraft:fly_one_cm":109942,"minecraft:swim_one_cm":45053,"minecraft:open_chest":4,"minecraft:crouch_one_cm":12421,"minecraft:play_time":30352,"minecraft:deaths":1,"minecraft:sneak_time":3927,"minecraft:walk_under_water_one_cm":14282,"minecraft:boat_one_cm":1476,"minecraft:jump":637,"minecraft:walk_on_water_one_cm":5089,"minecraft:total_world_time":30352,"minecraft:fall_one_cm":22347},"minecraft:killed":{"minecraft:cow":1},"minecraft:crafted":{"minecraft:cooked_beef":3,"minecraft:oak_door":3,"minecraft:oak_planks":40,"minecraft:crafting_table":1,"minecraft:wooden_pickaxe":1,"minecraft:iron_sword":1,"minecraft:furnace":3,"minecraft:bucket":1,"minecraft:stone_axe":1,"minecraft:air":0,"minecraft:oak_boat":1,"minecraft:diamond_pickaxe":1,"minecraft:shield":1,"minecraft:stick":16,"minecraft:iron_ingot":28,"minecraft:iron_pickaxe":1,"minecraft:stone_pickaxe":1},"minecraft:used":{"minecraft:water_bucket":5,"minecraft:waxed_weathered_copper_bulb":1,"minecraft:stone_pickaxe":75,"minecraft:baked_potato":3,"minecraft:decorated_pot":3,"minecraft:wooden_pickaxe":22,"minecraft:iron_sword":2,"minecraft:oak_door":7,"minecraft:dirt":7,"minecraft:crafting_table":5,"minecraft:waxed_oxidized_copper":1,"minecraft:waxed_oxidized_copper_grate":2,"minecraft:diamond_pickaxe":13,"minecraft:apple":1,"minecraft:iron_pickaxe":104,"minecraft:gravel":7,"minecraft:stone_axe":13,"minecraft:cobblestone":14,"minecraft:furnace":3,"minecraft:bucket":6,"minecraft:oak_boat":1,"minecraft:cooked_beef":3},"minecraft:dropped":{"minecraft:decorated_pot":2,"minecraft:cobblestone":2,"minecraft:amethyst_block":5,"minecraft:granite":1,"minecraft:dirt":3,"minecraft:oak_sapling":5,"minecraft:wooden_pickaxe":1,"minecraft:calcite":2,"minecraft:smooth_basalt":2},"minecraft:killed_by":{"minecraft:zombie":1},"minecraft:mined":{"minecraft:tuff":1,"minecraft:deepslate_diamond_ore":5,"minecraft:oak_door":7,"minecraft:crafting_table":5,"minecraft:cornflower":1,"minecraft:granite":1,"minecraft:short_grass":15,"minecraft:grass_block":7,"minecraft:calcite":2,"minecraft:decorated_pot":5,"minecraft:waxed_copper_door":1,"minecraft:tall_grass":4,"minecraft:deepslate_gold_ore":1,"minecraft:lapis_ore":2,"minecraft:tuff_bricks":9,"minecraft:amethyst_block":5,"minecraft:furnace":3,"minecraft:waxed_oxidized_copper_grate":2,"minecraft:iron_ore":34,"minecraft:cobbled_deepslate":2,"minecraft:polished_tuff":1,"minecraft:waxed_copper_block":4,"minecraft:gold_block":1,"minecraft:oak_log":10,"minecraft:coal_ore":25,"minecraft:deepslate_iron_ore":6,"minecraft:waxed_oxidized_copper":1,"minecraft:dirt":5,"minecraft:gravel":4,"minecraft:smooth_basalt":2,"minecraft:waxed_weathered_copper_bulb":1,"minecraft:stone":102,"minecraft:oak_leaves":3,"minecraft:deepslate":3},"minecraft:picked_up":{"minecraft:crafting_table":6,"minecraft:leather":2,"minecraft:wooden_pickaxe":1,"minecraft:gold_block":1,"minecraft:flint":2,"minecraft:tuff":1,"minecraft:oak_log":11,"minecraft:waxed_copper_block":4,"minecraft:amethyst_block":5,"minecraft:lapis_lazuli":15,"minecraft:dirt":17,"minecraft:apple":2,"minecraft:wheat_seeds":4,"minecraft:cobbled_deepslate":5,"minecraft:raw_gold":1,"minecraft:trial_key":1,"minecraft:iron_ingot":5,"minecraft:beef":3,"minecraft:stone_pickaxe":1,"minecraft:oak_boat":2,"minecraft:calcite":2,"minecraft:oak_planks":16,"minecraft:waxed_oxidized_copper":1,"minecraft:furnace":3,"minecraft:stick":11,"minecraft:raw_iron":40,"minecraft:smooth_basalt":2,"minecraft:oak_door":7,"minecraft:gravel":11,"minecraft:waxed_weathered_copper_bulb":1,"minecraft:polished_tuff":1,"minecraft:arrow":8,"minecraft:diamond":5,"minecraft:decorated_pot":5,"minecraft:stone_axe":1,"minecraft:waxed_oxidized_copper_grate":2,"minecraft:granite":1,"minecraft:emerald":1,"minecraft:tuff_bricks":9,"minecraft:oak_sapling":5,"minecraft:coal":44,"minecraft:cobblestone":152}},"DataVersion":3953}