{"stats":{"minecraft:killed":{"minecraft:zombie_villager":1,"minecraft:skeleton":3,"minecraft:zombie":2,"minecraft:chicken":1,"minecraft:drowned":1,"minecraft:cow":3},"minecraft:picked_up":{"minecraft:birch_log":13,"minecraft:fishing_rod":1,"minecraft:crafting_table":5,"minecraft:wheat":3,"minecraft:feather":7,"minecraft:cooked_beef":4,"minecraft:chicken":1,"minecraft:leather":3,"minecraft:wooden_pickaxe":1,"minecraft:birch_planks":13,"minecraft:oak_log":6,"minecraft:wind_charge":28,"minecraft:dirt":5,"minecraft:raw_copper":25,"minecraft:bone":2,"minecraft:kelp":2,"minecraft:bow":2,"minecraft:beef":4,"minecraft:stone_pickaxe":2,"minecraft:bolt_armor_trim_smithing_template":2,"minecraft:guster_banner_pattern":1,"minecraft:iron_nugget":8,"minecraft:glass_bottle":2,"minecraft:guster_pottery_sherd":3,"minecraft:sugar_cane":15,"minecraft:chest":1,"minecraft:birch_sapling":4,"minecraft:oak_planks":2,"minecraft:furnace":4,"minecraft:stick":3,"minecraft:raw_iron":34,"minecraft:sand":2,"minecraft:arrow":8,"minecraft:stone_axe":2,"minecraft:crossbow":1,"minecraft:flow_armor_trim_smithing_template":1,"minecraft:emerald":3,"minecraft:oak_sapling":1,"minecraft:coal":172,"minecraft:cobblestone":173},"minecraft:mined":{"minecraft:crafting_table":3,"minecraft:short_grass":5,"minecraft:emerald_ore":3,"minecraft:chest":1,"minecraft:cobblestone":11,"minecraft:oak_planks":2,"minecraft:sugar_cane":6,"minecraft:furnace":2,"minecraft:birch_log":7,"minecraft:iron_ore":35,"minecraft:coal_ore":40,"minecraft:oak_log":6,"minecraft:dirt":1,"minecraft:sand":4,"minecraft:stone":123},"minecraft:custom":{"minecraft:interact_with_furnace":10,"minecraft:mob_kills":12,"minecraft:interact_with_crafting_table":12,"minecraft:leave_game":4,"minecraft:time_since_death":56451,"minecraft:time_since_rest":56451,"minecraft:sprint_one_cm":69631,"minecraft:damage_taken":809,"minecraft:walk_one_cm":57764,"minecraft:damage_blocked_by_shield":215,"minecraft:drop":24,"minecraft:damage_dealt":2393,"minecraft:swim_one_cm":40626,"minecraft:fly_one_cm":106999,"minecraft:player_kills":1,"minecraft:open_chest":11,"minecraft:crouch_one_cm":4394,"minecraft:play_time":56451,"minecraft:sneak_time":2133,"minecraft:walk_under_water_one_cm":19392,"minecraft:boat_one_cm":213364,"minecraft:jump":749,"minecraft:walk_on_water_one_cm":12166,"minecraft:total_world_time":56451,"minecraft:fall_one_cm":20847},"minecraft:dropped":{"minecraft:stone_axe":3,"minecraft:iron_nugget":8,"minecraft:stone_sword":1,"minecraft:glass_bottle":2,"minecraft:crafting_table":2,"minecraft:wheat":9,"minecraft:feather":6,"minecraft:stick":2,"minecraft:filled_map":2,"minecraft:leather_chestplate":1,"minecraft:cooked_cod":6,"minecraft:cooked_salmon":3,"minecraft:arrow":4,"minecraft:stone_pickaxe":2,"minecraft:bone":2},"minecraft:used":{"minecraft:water_bucket":10,"minecraft:stone_sword":48,"minecraft:stone_pickaxe":21,"minecraft:oak_planks":3,"minecraft:wooden_pickaxe":28,"minecraft:shield":9,"minecraft:leather_chestplate":1,"minecraft:cooked_salmon":2,"minecraft:crafting_table":4,"minecraft:wind_charge":2,"minecraft:iron_axe":1,"minecraft:iron_pickaxe":167,"minecraft:stone_axe":18,"minecraft:cobblestone":85,"minecraft:furnace":2,"minecraft:bucket":11,"minecraft:oak_boat":1,"minecraft:cooked_beef":8},"minecraft:crafted":{"minecraft:cooked_beef":4,"minecraft:oak_planks":24,"minecraft:crafting_table":1,"minecraft:wooden_pickaxe":1,"minecraft:iron_sword":1,"minecraft:bucket":1,"minecraft:birch_planks":52,"minecraft:stone_axe":1,"minecraft:air":0,"minecraft:oak_boat":1,"minecraft:iron_boots":1,"minecraft:iron_chestplate":1,"minecraft:shield":1,"minecraft:iron_axe":1,"minecraft:stick":16,"minecraft:iron_ingot":8,"minecraft:iron_pickaxe":2,"minecraft:stone_pickaxe":1,"minecraft:stone_sword":1,"minecraft:iron_shovel":1,"minecraft:iron_leggings":1}},"DataVersion":3953}