{"stats":{"minecraft:custom":{"minecraft:time_since_rest":27588,"minecraft:interact_with_furnace":10,"minecraft:sprint_one_cm":35516,"minecraft:damage_taken":506,"minecraft:walk_one_cm":32771,"minecraft:damage_blocked_by_shield":190,"minecraft:mob_kills":10,"minecraft:damage_dealt":1739,"minecraft:interact_with_crafting_table":6,"minecraft:fly_one_cm":51398,"minecraft:player_kills":1,"minecraft:crouch_one_cm":3985,"minecraft:play_time":27588,"minecraft:sneak_time":1663,"minecraft:jump":347,"minecraft:leave_game":1,"minecraft:walk_on_water_one_cm":451,"minecraft:time_since_death":27588,"minecraft:total_world_time":27588,"minecraft:fall_one_cm":10595},"minecraft:killed":{"minecraft:skeleton":2,"minecraft:zombie":2,"minecraft:chicken":1,"minecraft:zombie_villager":1,"minecraft:cow":3},"minecraft:crafted":{"minecraft:cooked_beef":4,"minecraft:oak_planks":24,"minecraft:shield":1,"minecraft:crafting_table":1,"minecraft:stick":8,"minecraft:iron_pickaxe":1,"minecraft:iron_ingot":8,"minecraft:wooden_pickaxe":1,"minecraft:stone_pickaxe":1,"minecraft:stone_sword":1,"minecraft:bucket":1,"minecraft:birch_planks":52,"minecraft:stone_axe":1,"minecraft:air":0},"minecraft:used":{"minecraft:stone_sword":36,"minecraft:stone_pickaxe":21,"minecraft:oak_planks":2,"minecraft:iron_pickaxe":72,"minecraft:shield":8,"minecraft:wooden_pickaxe":28,"minecraft:stone_axe":13,"minecraft:cobblestone":24,"minecraft:crafting_table":2,"minecraft:furnace":2,"minecraft:bucket":1,"minecraft:cooked_beef":5},"minecraft:mined":{"minecraft:furnace":2,"minecraft:iron_ore":16,"minecraft:birch_log":7,"minecraft:crafting_table":2,"minecraft:short_grass":4,"minecraft:coal_ore":40,"minecraft:oak_log":6,"minecraft:cobblestone":9,"minecraft:stone":52,"minecraft:oak_planks":2},"minecraft:picked_up":{"minecraft:birch_log":13,"minecraft:raw_iron":15,"minecraft:stick":2,"minecraft:crafting_table":3,"minecraft:feather":1,"minecraft:cooked_beef":4,"minecraft:chicken":1,"minecraft:leather":3,"minecraft:wooden_pickaxe":1,"minecraft:birch_planks":13,"minecraft:oak_log":6,"minecraft:dirt":4,"minecraft:raw_copper":25,"minecraft:arrow":4,"minecraft:bone":2,"minecraft:stone_axe":1,"minecraft:beef":4,"minecraft:stone_pickaxe":1,"minecraft:oak_sapling":1,"minecraft:oak_planks":2,"minecraft:birch_sapling":4,"minecraft:coal":162,"minecraft:cobblestone":100,"minecraft:furnace":4}},"DataVersion":3953}