{"stats":{"minecraft:custom":{"minecraft:time_since_rest":41200,"minecraft:interact_with_furnace":10,"minecraft:damage_taken":786,"minecraft:sprint_one_cm":49703,"minecraft:walk_one_cm":47715,"minecraft:damage_blocked_by_shield":215,"minecraft:mob_kills":11,"minecraft:damage_dealt":2100,"minecraft:swim_one_cm":14254,"minecraft:interact_with_crafting_table":7,"minecraft:fly_one_cm":82193,"minecraft:player_kills":1,"minecraft:open_chest":2,"minecraft:crouch_one_cm":4381,"minecraft:play_time":41200,"minecraft:sneak_time":1914,"minecraft:walk_under_water_one_cm":9562,"minecraft:boat_one_cm":128043,"minecraft:jump":626,"minecraft:leave_game":3,"minecraft:walk_on_water_one_cm":5370,"minecraft:time_since_death":41200,"minecraft:total_world_time":41200,"minecraft:fall_one_cm":18672},"minecraft:killed":{"minecraft:skeleton":3,"minecraft:zombie":2,"minecraft:zombie_villager":1,"minecraft:chicken":1,"minecraft:cow":3},"minecraft:crafted":{"minecraft:cooked_beef":4,"minecraft:oak_boat":1,"minecraft:oak_planks":24,"minecraft:shield":1,"minecraft:crafting_table":1,"minecraft:stick":8,"minecraft:iron_ingot":8,"minecraft:iron_pickaxe":1,"minecraft:wooden_pickaxe":1,"minecraft:stone_pickaxe":1,"minecraft:stone_sword":1,"minecraft:bucket":1,"minecraft:birch_planks":52,"minecraft:stone_axe":1,"minecraft:air":0},"minecraft:used":{"minecraft:water_bucket":10,"minecraft:stone_sword":43,"minecraft:stone_pickaxe":21,"minecraft:oak_planks":3,"minecraft:iron_pickaxe":167,"minecraft:leather_chestplate":1,"minecraft:shield":9,"minecraft:wooden_pickaxe":28,"minecraft:stone_axe":13,"minecraft:cobblestone":80,"minecraft:crafting_table":3,"minecraft:furnace":2,"minecraft:bucket":11,"minecraft:oak_boat":1,"minecraft:cooked_beef":8},"minecraft:mined":{"minecraft:furnace":2,"minecraft:birch_log":7,"minecraft:iron_ore":35,"minecraft:crafting_table":2,"minecraft:short_grass":5,"minecraft:emerald_ore":3,"minecraft:coal_ore":40,"minecraft:oak_log":6,"minecraft:cobblestone":11,"minecraft:stone":123,"minecraft:oak_planks":2},"minecraft:picked_up":{"minecraft:birch_log":13,"minecraft:crafting_table":3,"minecraft:stick":2,"minecraft:raw_iron":34,"minecraft:feather":1,"minecraft:cooked_beef":4,"minecraft:chicken":1,"minecraft:leather":3,"minecraft:wooden_pickaxe":1,"minecraft:birch_planks":13,"minecraft:oak_log":6,"minecraft:dirt":4,"minecraft:raw_copper":25,"minecraft:arrow":4,"minecraft:bone":2,"minecraft:stone_axe":1,"minecraft:beef":4,"minecraft:stone_pickaxe":1,"minecraft:emerald":3,"minecraft:oak_sapling":1,"minecraft:birch_sapling":4,"minecraft:oak_planks":2,"minecraft:coal":162,"minecraft:cobblestone":173,"minecraft:furnace":4}},"DataVersion":3953}