{"stats":{"minecraft:custom":{"minecraft:time_since_rest":15588,"minecraft:sprint_one_cm":24608,"minecraft:damage_taken":361,"minecraft:walk_one_cm":19588,"minecraft:mob_kills":6,"minecraft:damage_dealt":958,"minecraft:interact_with_crafting_table":2,"minecraft:fly_one_cm":46694,"minecraft:player_kills":1,"minecraft:crouch_one_cm":3870,"minecraft:play_time":15588,"minecraft:sneak_time":1532,"minecraft:jump":301,"minecraft:leave_game":1,"minecraft:time_since_death":15588,"minecraft:total_world_time":15588,"minecraft:fall_one_cm":9900},"minecraft:crafted":{"minecraft:oak_planks":24,"minecraft:crafting_table":1,"minecraft:stick":8,"minecraft:wooden_pickaxe":1,"minecraft:stone_pickaxe":1,"minecraft:stone_sword":1,"minecraft:birch_planks":52,"minecraft:stone_axe":1},"minecraft:killed":{"minecraft:skeleton":1,"minecraft:chicken":1,"minecraft:zombie_villager":1,"minecraft:cow":3},"minecraft:used":{"minecraft:stone_sword":21,"minecraft:stone_pickaxe":16,"minecraft:wooden_pickaxe":28,"minecraft:stone_axe":10,"minecraft:cobblestone":12,"minecraft:crafting_table":1,"minecraft:cooked_beef":3},"minecraft:mined":{"minecraft:iron_ore":8,"minecraft:birch_log":7,"minecraft:crafting_table":1,"minecraft:short_grass":4,"minecraft:coal_ore":4,"minecraft:oak_log":6,"minecraft:cobblestone":4,"minecraft:stone":28},"minecraft:picked_up":{"minecraft:birch_log":13,"minecraft:raw_iron":8,"minecraft:stick":2,"minecraft:crafting_table":2,"minecraft:feather":1,"minecraft:cooked_beef":4,"minecraft:chicken":1,"minecraft:leather":3,"minecraft:wooden_pickaxe":1,"minecraft:birch_planks":13,"minecraft:oak_log":6,"minecraft:dirt":4,"minecraft:raw_copper":25,"minecraft:arrow":2,"minecraft:bone":2,"minecraft:stone_axe":1,"minecraft:beef":4,"minecraft:stone_pickaxe":1,"minecraft:oak_sapling":1,"minecraft:birch_sapling":4,"minecraft:coal":43,"minecraft:cobblestone":69,"minecraft:furnace":2}},"DataVersion":3953}