{"stats":{"minecraft:dropped":{"minecraft:stone_axe":3,"minecraft:birch_planks":62,"minecraft:iron_nugget":16,"minecraft:tuff":1,"minecraft:stone_sword":1,"minecraft:glass_bottle":2,"minecraft:crafting_table":2,"minecraft:wheat":9,"minecraft:guster_banner_pattern":1,"minecraft:feather":12,"minecraft:chicken":1,"minecraft:stick":2,"minecraft:filled_map":2,"minecraft:leather_chestplate":1,"minecraft:cooked_cod":6,"minecraft:cooked_salmon":3,"minecraft:spider_eye":1,"minecraft:arrow":4,"minecraft:stone_pickaxe":2,"minecraft:iron_pickaxe":1,"minecraft:iron_shovel":1,"minecraft:string":1,"minecraft:bone":2},"minecraft:mined":{"minecraft:deepslate_redstone_ore":6,"minecraft:tuff":1,"minecraft:red_bed":2,"minecraft:sculk_vein":4,"minecraft:crafting_table":3,"minecraft:short_grass":5,"minecraft:emerald_ore":3,"minecraft:chest":1,"minecraft:cobblestone":19,"minecraft:deepslate_gold_ore":10,"minecraft:oak_planks":2,"minecraft:sugar_cane":6,"minecraft:sculk":6,"minecraft:blue_bed":1,"minecraft:furnace":2,"minecraft:birch_log":7,"minecraft:iron_ore":39,"minecraft:deepslate_lapis_ore":9,"minecraft:oak_log":6,"minecraft:coal_ore":40,"minecraft:deepslate_iron_ore":9,"minecraft:dirt":1,"minecraft:sand":4,"minecraft:stone":123,"minecraft:deepslate":37},"minecraft:custom":{"minecraft:interact_with_furnace":11,"minecraft:mob_kills":39,"minecraft:interact_with_crafting_table":13,"minecraft:open_barrel":1,"minecraft:leave_game":7,"minecraft:time_since_death":90708,"minecraft:sleep_in_bed":1,"minecraft:time_since_rest":12710,"minecraft:sprint_one_cm":131002,"minecraft:damage_taken":1198,"minecraft:walk_one_cm":110957,"minecraft:damage_blocked_by_shield":390,"minecraft:drop":90,"minecraft:damage_dealt":4545,"minecraft:swim_one_cm":40626,"minecraft:fly_one_cm":188377,"minecraft:player_kills":1,"minecraft:open_chest":17,"minecraft:crouch_one_cm":8145,"minecraft:play_time":90708,"minecraft:sneak_time":4566,"minecraft:walk_under_water_one_cm":19571,"minecraft:boat_one_cm":213364,"minecraft:jump":1307,"minecraft:walk_on_water_one_cm":14018,"minecraft:total_world_time":90708,"minecraft:fall_one_cm":31823},"minecraft:crafted":{"minecraft:cooked_beef":4,"minecraft:oak_planks":24,"minecraft:crafting_table":1,"minecraft:wooden_pickaxe":1,"minecraft:iron_sword":1,"minecraft:bucket":1,"minecraft:birch_planks":52,"minecraft:stone_axe":1,"minecraft:air":0,"minecraft:oak_boat":1,"minecraft:iron_boots":1,"minecraft:iron_chestplate":1,"minecraft:shield":1,"minecraft:iron_axe":1,"minecraft:stick":16,"minecraft:iron_ingot":8,"minecraft:iron_pickaxe":2,"minecraft:stone_pickaxe":1,"minecraft:stone_sword":1,"minecraft:iron_shovel":1,"minecraft:iron_leggings":1},"minecraft:picked_up":{"minecraft:birch_log":13,"minecraft:fishing_rod":1,"minecraft:crafting_table":5,"minecraft:wheat":3,"minecraft:feather":10,"minecraft:cooked_beef":4,"minecraft:chicken":2,"minecraft:leather":3,"minecraft:wooden_pickaxe":1,"minecraft:potato":1,"minecraft:lapis_lazuli":62,"minecraft:birch_planks":13,"minecraft:enchanted_book":1,"minecraft:tuff":1,"minecraft:oak_log":6,"minecraft:wind_charge":28,"minecraft:string":1,"minecraft:dirt":5,"minecraft:blue_bed":1,"minecraft:red_bed":1,"minecraft:raw_copper":25,"minecraft:cooked_salmon":1,"minecraft:bone":52,"minecraft:kelp":2,"minecraft:bow":2,"minecraft:cobbled_deepslate":21,"minecraft:raw_gold":10,"minecraft:beef":4,"minecraft:stone_pickaxe":2,"minecraft:bolt_armor_trim_smithing_template":2,"minecraft:guster_banner_pattern":1,"minecraft:iron_nugget":8,"minecraft:glass_bottle":2,"minecraft:guster_pottery_sherd":3,"minecraft:sugar_cane":15,"minecraft:chest":1,"minecraft:birch_sapling":4,"minecraft:oak_planks":2,"minecraft:furnace":4,"minecraft:stick":3,"minecraft:raw_iron":47,"minecraft:sand":2,"minecraft:redstone":37,"minecraft:spider_eye":1,"minecraft:arrow":10,"minecraft:rotten_flesh":12,"minecraft:slime_ball":1,"minecraft:stone_axe":2,"minecraft:crossbow":1,"minecraft:bread":2,"minecraft:flow_armor_trim_smithing_template":1,"minecraft:emerald":6,"minecraft:oak_sapling":1,"minecraft:coal":229,"minecraft:cobblestone":183},"minecraft:killed":{"minecraft:witch":1,"minecraft:zombie_villager":1,"minecraft:spider":7,"minecraft:slime":3,"minecraft:skeleton":5,"minecraft:zombie":16,"minecraft:chicken":1,"minecraft:drowned":1,"minecraft:cow":3},"minecraft:used":{"minecraft:water_bucket":11,"minecraft:stone_sword":48,"minecraft:stone_pickaxe":21,"minecraft:oak_planks":3,"minecraft:leather_chestplate":1,"minecraft:chest":1,"minecraft:shield":15,"minecraft:wooden_pickaxe":28,"minecraft:rotten_flesh":11,"minecraft:iron_sword":39,"minecraft:cooked_salmon":3,"minecraft:red_bed":1,"minecraft:crafting_table":4,"minecraft:crossbow":14,"minecraft:bread":2,"minecraft:iron_axe":1,"minecraft:wind_charge":2,"minecraft:chicken":1,"minecraft:iron_pickaxe":257,"minecraft:stone_axe":18,"minecraft:cobblestone":121,"minecraft:bow":16,"minecraft:furnace":3,"minecraft:bucket":12,"minecraft:oak_boat":1,"minecraft:cooked_beef":8}},"DataVersion":3953}