{"stats":{"minecraft:custom":{"minecraft:jump":45,"minecraft:time_since_rest":5973,"minecraft:crouch_one_cm":1282,"minecraft:sprint_one_cm":3228,"minecraft:play_time":5973,"minecraft:damage_taken":50,"minecraft:time_since_death":5973,"minecraft:walk_one_cm":4174,"minecraft:sneak_time":426,"minecraft:total_world_time":5973,"minecraft:interact_with_crafting_table":1,"minecraft:fall_one_cm":2457,"minecraft:fly_one_cm":6329},"minecraft:crafted":{"minecraft:crafting_table":1,"minecraft:oak_planks":24,"minecraft:stick":8,"minecraft:wooden_pickaxe":1},"minecraft:used":{"minecraft:wooden_pickaxe":16,"minecraft:crafting_table":1},"minecraft:picked_up":{"minecraft:oak_log":6,"minecraft:cobblestone":16},"minecraft:mined":{"minecraft:stone":16,"minecraft:oak_log":6}},"DataVersion":3953}